region,cluster,Drd1,Drd2,Drd3,Drd4,Drd5,Htr1a,Htr1b,Htr1d,Htr1f,Htr2a,Htr2c,Htr3a,Htr4,Htr6,Htr7,Chrm1,Chrm2,Chrm3,Chrm4,Chrm5,Chrna2,Chrna4,Chrna5,Chrna7,Chrnb2,Adra1a,Adra1b,Adra2a,Adra2c,Adrb1,Adrb2,Hrh1,Hrh2,Hrh3,Adora1,Adora2a,Cnr1,Oprk1,Oprd1,Oprm1,Npy1r,Npy2r,subclass
ALM,L2/3 IT ALM Macc1 Lrg1,0.0,0.0,0.0,0.012903100001259056,6.886399437529965e-05,0.07862696444810902,0.00984646735958883,0.0021743911897431304,0.03863376866450145,0.23887002202105695,0.0076258965469657575,0.0014403880091787445,0.0,0.043628411926141066,0.16560001901601254,0.7331601204304697,0.06541607417164405,0.2756745257197968,0.05682922425861567,0.0,0.0002813402279503951,0.04692789713577835,6.673946087129631e-05,0.01893366652299711,0.06845075396243305,0.025625202696299157,0.1249237194892128,0.0230294109735336,0.20100047018609093,0.21748466198458904,0.012202904530748316,0.22470782171801515,0.09336249065193991,0.07953759726516826,0.27974413283618593,0.0,0.7053789827119995,0.0,0.0342298066898102,0.018384028689171744,0.4486051308289687,0.00020294746583436176,L2/3 IT
ALM,L2/3 IT ALM Ptrf,0.0,0.0,0.0,0.0616551138307882,0.0,0.05429565298935794,0.011451613889017888,0.0040999179712488745,0.023080032727227938,0.19529333622738781,0.021774660702296812,0.004460971896503433,0.00011577139116536544,0.03381507899425074,0.1060924461483409,0.7732230903400644,0.28600790343079824,0.41082345308380297,0.04335439042051634,0.00011993525402813198,0.003973920875678738,0.025049019867352917,0.0,0.016920241545646558,0.06661783792797486,0.026571395377758007,0.10780421764024921,0.00968520794618132,0.19968081714173685,0.18640550673451178,0.020332863702372105,0.17146114682457458,0.17937962374308375,0.03662861280935616,0.48651562538218956,0.0,0.6429990725326518,0.0,0.02133542218519377,0.0707300819162721,0.5016994440695172,0.01777011072975315,L2/3 IT
ALM,L2/3 IT ALM Sla,0.0,0.0,0.0,0.012552202698916177,0.0007928713144716001,0.021547594076976043,0.01932805558891752,0.0,0.019385092624044573,0.3079184086990368,0.0209627233638618,0.0,0.00275167224859143,0.024107949876774008,0.10297718947552745,0.6959741193809971,0.055123543988097455,0.2721606199192221,0.03454740253696115,5.254724482290477e-05,0.0005711203069219283,0.009028240247799567,0.0,0.014932420497158474,0.0644100301466407,0.01449281338273747,0.010366496787429777,0.08520333500753313,0.09268066798206581,0.13991864572235016,0.017862317971582303,0.06890521565600749,0.07998984147252522,0.00552135185767547,0.1695169058074443,0.0,0.5753191556334634,0.0,0.03905195566484574,0.046018625061226545,0.3983593884369502,0.002895215532813989,L2/3 IT
ALM,L2/3 IT VISp Adamts2,,,,,,,,,,,,,,,,,,,,,,,,,,,,,,,,,,,,,,,,,,,L2/3 IT
ALM,L2/3 IT VISp Agmat,,,,,,,,,,,,,,,,,,,,,,,,,,,,,,,,,,,,,,,,,,,L2/3 IT
ALM,L2/3 IT VISp Rrad,,,,,,,,,,,,,,,,,,,,,,,,,,,,,,,,,,,,,,,,,,,L2/3 IT
ALM,Lamp5 Fam19a1 Pax6,0.00021578567857372195,0.010291311828546836,0.0,0.0,0.0,0.02368134439884004,0.0,0.0,0.0,0.007790582503494043,0.11013314600498239,0.8983199609066731,0.027598214848324212,0.02642020005165848,0.20452527536912604,0.3692922987345485,0.0,0.11544552241773086,0.0,0.0,0.0,0.691949341354725,0.03450582919145999,0.7576367992931677,0.14348147128054362,0.5796979838668076,0.31772747037974336,0.03694874656640569,0.2222361199625723,0.024253978833110347,0.0,0.22661726906941285,0.18808054966702484,0.0979724173913285,0.0001724514385020453,0.0,3.5772490416951843,0.0,0.0,0.1574951867744659,0.9373451546699226,0.20718775498309727,Lamp5
ALM,Lamp5 Fam19a1 Tmem182,0.14657354977521309,0.04774573575840022,0.0,0.0036840815408678775,0.0,0.08719144307912609,0.01156069525023635,0.0,0.0032840115670062773,0.004372637298085343,0.0,0.9656540286598667,0.03375101842030701,0.011691985180906358,0.08527134122035494,0.4690872705458932,9.562188899692306e-05,0.16655679712776256,0.000905847945855654,0.0,0.0,0.5529889348259927,0.02738419721168813,0.4928697140614681,0.11430550412633714,0.5550309835932998,0.42178772056240643,0.02775230673776089,0.20502902133865678,0.06977565728749571,0.015477579037246524,0.27107733341928636,0.20194502240923368,0.12140357526376358,9.099075053628023e-05,0.0,3.111799449254163,7.562725181732422e-05,0.0,0.07986951248477318,0.48738887388813334,0.11520715780165824,Lamp5
ALM,Lamp5 Krt73,0.0,0.0,0.0,0.0,0.03943671993259181,0.08042432342581257,0.0,0.0,0.0004429751496066358,0.08976512412960769,0.11741681211489735,0.1529345966991203,0.007892288496997872,0.0,0.19369151855146602,0.24480641957661162,0.0,0.23370846574094162,0.026134961328849963,0.0,0.0,0.5124775481120594,0.0,0.7758878200752183,0.0943113389176301,0.08493730531003917,0.06144721086580878,0.006919721220147945,0.009625039196952397,0.005888406464826828,0.0,0.04537897424159543,0.22473856747275234,0.1307445487944724,0.02552735469535919,0.0,3.503529956751614,0.0,0.0,0.11557612537602881,0.25242188966506834,0.00021843741465983187,Lamp5
ALM,Lamp5 Lhx6,0.05414076950714074,0.036364221968352185,0.0,0.0,0.0,0.0,0.00023996691592409765,0.006536869382592378,0.10117289903653456,0.03483104450594853,0.0013349986127595664,0.0005784653834657497,0.00016449636596218209,0.0,0.1558058169527652,0.30290737613184804,0.00017201938346036948,0.03566298818144522,0.04302611256017281,0.00017065075744146282,0.0,0.05131161867738048,0.010765683124394711,0.0893202669912362,0.13146656114649255,0.40607259425959885,0.007156416985507495,0.0,0.0,0.10084829281090102,0.016229563476932607,0.0,0.10041642433371434,0.20718185085873822,0.11364049049708794,0.0,0.10938876767282892,0.0,0.0,0.4294186301209711,0.061146320626973547,0.017858823122527318,Lamp5
ALM,Lamp5 Lsp1,0.021462979983247914,0.021529648896438245,0.0,0.0,0.0,0.030694356547927824,0.007317795349928004,0.0,0.34462157058819864,0.20795426361464767,0.004585852394771698,0.08939616363315885,0.002648926682609257,1.4786988626593547e-05,0.006859938679209044,0.37813119718679367,4.411870867398805e-05,0.02162951515034405,0.037232579459505026,0.0007438387448771273,5.1653624764270105e-05,0.3589101286682079,0.16591965638321468,0.1488045717247386,0.12876864654561304,0.46399649340415655,0.20329204885416421,0.059774672092649625,0.006619282215467463,0.04851559552678102,0.0,0.053979954328730616,0.05782114313851028,0.5510657109624097,0.032656673812261616,0.00012090885525537,0.8585882977992508,0.0,0.0001692229510994035,0.6739285718043758,0.029370717761527033,0.000993459241979083,Lamp5
ALM,Lamp5 Ntn1 Npy2r,0.24522319023011355,0.00046420113784076747,0.0,0.0,0.0,0.07095557107469075,0.027015619086516462,0.005278803555967445,0.027989919032906527,0.01712171641823582,0.004682194116942237,0.6867945265535851,0.009663880261055432,0.0024382035969049707,0.07432266440792341,0.5114257291751034,0.0,0.03285785876783402,0.009085288809714147,0.0,0.0,0.46151605311159305,0.0823414902311124,0.26594172978604846,0.14823084986395152,0.5722208816067333,0.4081211845265461,0.07859632263757038,0.1838456113246375,0.11415268176031397,0.00014461606114224694,0.21182130986607176,0.16701271642479934,0.2184664560899925,0.0005752349382473224,0.0,2.5050867141865965,0.0035669368624195257,0.0,0.06697653026028208,0.5220001598329058,0.3595563879883639,Lamp5
ALM,Lamp5 Plch2 Dock5,0.014158318898858295,0.0,0.0,0.0,0.0,0.02619166862207347,0.026735420897405097,0.0,0.021912500313749684,0.3048820555724568,0.05083315959938898,0.10726429008444203,0.002073583442381304,0.0005088844929679003,0.03428914402517885,0.43491580443920125,2.0917793108814747e-05,0.013411393686294678,0.013920804099953263,2.4164548661163534e-05,0.0,0.4103843425630404,0.05321970656370631,0.29821696723077284,0.10525382739056463,0.6977351546401996,0.4160739008004426,0.10410138216303824,0.04690428991037939,0.08123120157324706,0.0,0.23139104720889553,0.029578700180773014,0.4109657807027717,0.002869833869542985,0.0,2.2623876139648478,0.0,0.0,0.41747360582577114,0.1722838837615564,0.011257040001561563,Lamp5
ALM,Serpinf1 Aqp5 Vip,0.25028117837300273,0.08432414975221939,0.0,0.013604517517188393,0.0,0.003994916099536278,0.0,0.0,0.5028128250228912,0.2964735551509875,0.3618257569335188,0.9257007295694838,0.04561383492717607,0.0012449535145137918,0.07512855545713941,0.289045299083761,0.0,0.19857443559289611,0.0,0.0,0.0,0.47850481800386924,0.48736790383995743,0.11436175841632944,0.23414044684988794,0.29933252012621714,0.6726432146915202,0.07893104830038095,0.0756520870356817,0.05163588634367258,0.0,0.10798243721889401,0.3724736432427905,0.21141992076157326,0.12925081589198095,0.0,2.973169968337771,0.017606482620383924,0.0,0.14558233898587816,0.5636604839291796,0.0,Serpinf1
ALM,Serpinf1 Clrn1,0.06614123349866065,0.03454969799289965,0.0,0.0,0.0,0.22380268315734628,0.0,0.0,0.3021023541372344,0.08690223880428712,0.19626580842331023,0.9121150450504176,0.0,0.02053109290587944,0.10769076835852294,0.1251348304674201,0.0,0.1646200069962553,0.023604939135653785,0.0,0.02265899447104708,0.14736996749897013,0.0302637248544509,0.20909747044294583,0.13607495687684482,0.11015459537932293,0.10450889010583743,0.15927541359671887,0.05854539909480115,0.0,0.0,0.0,0.23402007773931927,0.23578464457230477,0.04016188834573125,0.0,3.5146578236195563,0.01724439673313498,0.0,0.06096114836053163,0.26806644348883885,0.0,Serpinf1
ALM,Sncg Gpr50,0.0,0.13722081262778965,0.0,0.014764706583709169,0.0,0.008039640927547024,0.0,0.0,0.005503552484765745,0.02772801289428467,0.21900951998130527,1.9671857141002511,0.0,0.024779841198344636,0.42298349863149987,0.10567672001785608,0.011145459799670469,0.13314590438197055,0.016789408464506893,0.0,0.0,0.4189061867123244,0.49968171317436677,0.2508801517058819,0.1425305897370522,0.08544269360662667,0.13493981006928782,0.07957436102266567,0.19849896544457105,0.100026432138236,0.0,0.22601895363812227,0.2603443468452535,0.24414967784465136,0.00860872182503493,0.03144650315934392,3.8432197152338587,0.0,0.0,0.08620046808534684,0.6881353103219067,1.1298167262228096,Sncg
ALM,Sncg Slc17a8,0.026817846506217376,0.07254358743072134,0.0,0.0015464272305553304,0.0,0.01557214315242396,0.0,0.0,0.0,0.04773243996063316,0.07860472110719353,0.49084860144897086,0.0,0.0044279246476667065,0.24165487329750857,0.37763002567497367,0.03997161780479,0.21681797554321844,0.0013536593299094102,0.00015673276918366655,0.0,0.05282236278250458,0.03269776269461926,0.11558863824879709,0.12883044454392484,0.05343401869859932,0.013263616797783363,0.0001945194620718724,0.07961585078014638,0.0534904068247568,0.0,0.003944036733835691,0.2994144103048883,0.12516310835293123,0.02048497437096836,0.0013276913696799145,4.221637281398872,0.0,0.0,0.10983257578812887,0.8116247427150788,0.0,Sncg
ALM,Sncg Vip Itih5,0.042511384705035994,0.06515171270362785,0.0,0.011232417204718745,0.0,0.001062316907780771,0.0,0.0,0.0,0.025882156731712534,0.5363735828095261,2.313189975984661,0.001920666670698897,0.03847398890542071,0.3883329495257118,0.11193373325849142,0.0,0.17185045296869444,0.005831921122527709,0.0,0.0,0.6896913813718587,0.28079567320717486,0.3299927580610745,0.14095372133450892,0.24613924739474455,0.7987222210525295,0.09638340428562554,0.1415936741759067,0.08108996557036786,0.0059398611583882585,0.0,0.4124912711115117,0.25907953404162715,0.008939488836415207,0.004223815879757893,4.078857182044539,0.0,0.0,0.012405358451886924,0.8443916876739181,0.21791837570249054,Sncg
ALM,Sncg Vip Nptx2,0.0,0.11450744653037426,0.0,0.0,0.00020150922328801373,0.0,0.0,0.0,0.0,0.0,0.5044491134519697,3.188976062377718,0.010654968236036781,0.10489761640457068,0.28455059744518096,0.12126440899906084,0.0,0.0901378794993703,0.0035778066838177097,0.0,0.000270393707408947,0.8173572894796635,0.4837831211831676,0.4953752906175069,0.15769171681631808,0.1707784787867013,0.8631726475798294,0.12009507510796272,0.17380067637049262,0.05846572797979968,0.0,0.09104576880477121,0.3234532978161837,0.17771773771818794,0.01342719717437561,0.0,3.8351202241867304,0.0,0.0,0.1102812307040523,0.5916593741623312,1.7383351246604055,Sncg
ALM,Vip Arhgap36 Hmcn1,0.00611817495756353,0.0015791047651660106,0.0,0.0,0.0,0.0007141234137776825,0.0,0.0,0.00014641330601688045,0.0,0.3999198442734279,0.4934068288245436,0.012108963644230008,0.033929926403758894,0.020214252415179382,0.20521119528923087,0.00013965452317607865,0.1268203121058681,0.07669876729575517,7.087934733679067e-05,6.975344168355272e-05,0.1330797621066426,0.29283862930492344,0.08669694448522916,0.12933490629931083,0.5385497946126367,0.28007790283470696,0.10949850045716333,0.14285997262955105,0.13573014958888993,0.0,0.04577399770516613,0.16544566101573877,0.22773739995213876,0.03904189696631741,0.0,2.0742593256739834,0.0008742423822949389,0.0,0.8504327930018313,1.2839836308812096,1.1841128572694468,Vip
ALM,Vip Chat Htr1f,0.08947420442856518,0.009543738375591554,0.0,0.002136293058883401,0.0,0.016038068375370536,0.0,0.0,0.37462896365649534,0.160781518473134,0.698427981117464,1.117215821427366,0.09556988441255317,0.02324728695878557,0.059476126788736546,0.18319021115775244,0.008958242913308509,0.2100794697424343,0.043447699908394324,0.00010503893943193434,0.0,0.3856585706490636,0.6422419858677025,0.05150839863029753,0.1383533070250622,0.21114955234031207,0.9271589726434212,0.08286468984293989,0.039915784605192996,0.14104930706011737,0.0,0.12400930078252984,0.3513105953193687,0.2728242486926972,0.04662254538796669,0.0,2.3854336930883804,0.013945573509432627,0.0,0.05264216651520435,0.8562290197954086,0.018493691631776485,Vip
ALM,Vip Col15a1 Pde1a,0.012338955899680494,0.06338437701865964,0.0,0.004285086676898962,0.0,0.00037370939103500446,0.0,0.0,0.0023311778094772953,0.00030262652327760914,0.802041427709671,2.940276142331576,0.018780331826612918,0.11464260499029988,0.24344537169338668,0.09273387382655192,0.0002062306517406261,0.32034998578894314,0.00019015413902982972,0.0,0.0,0.6722548208951066,0.3875863719402221,0.17049696642781384,0.11637228725206099,0.12179738374907269,1.5922591775996568,0.06868456677649343,0.07693733134805926,0.18963833327339716,0.0,0.054745863134794015,0.6654102636444376,0.3617253517541486,0.018913696106684596,0.0,3.8153954799430787,0.0,0.0,0.08355587159321685,0.9215693115778926,0.41507646927242786,Vip
ALM,Vip Crispld2 Htr2c,0.02362683544437235,0.011066579869412818,0.0,0.0,0.00010023655535464761,0.013608470044769453,0.0,0.0,0.0,0.0001047981076907315,0.4363620498800108,2.6882144235398084,0.0645517684796451,0.041785201524532536,0.11886389683314463,0.12606468278496835,0.0,0.38524451476158583,0.011732905336409315,0.0042310267000869135,0.0,0.7784998383050888,0.17666221608540242,0.15968116640837127,0.11559288637361545,0.08683370303283447,1.4222380664439194,0.004500256199265252,0.06953261145419515,0.20020310671756839,0.0,0.07071332986055866,0.4256538712471432,0.16428376246254445,0.0002227280885811831,0.0,2.985684672744057,0.0,0.0,0.0035990127028962555,0.5242350329867707,0.0,Vip
ALM,Vip Crispld2 Kcne4,0.0961284777332861,0.08234844188226371,0.0,0.0068782300466606345,0.008211570869399448,0.009595543922931701,0.0,0.0,0.016565657524794945,0.0009368686241179202,0.02865549320965753,3.0026107879377224,0.04609922643926707,0.020427835096123153,0.21939991777947057,0.3255587185232621,0.008762420449278227,0.3044698428369972,0.00015352728975826522,0.0,0.0001309929987894982,0.7515969975920939,0.051813481580920986,0.10545809294432533,0.16469889255286907,0.07613242777619406,1.1946749886858148,0.0001866186308329837,0.03790480689770825,0.2145473263173935,0.0,0.04019126833098059,0.35181168926392276,0.29714591847948746,0.0,0.0,2.848344009889559,0.0,0.00024926606630969444,0.018259355561460064,0.3186556230864354,0.0,Vip
ALM,Vip Gpc3 Slc18a3,0.0,0.0,0.0,0.0,0.0,0.0,0.0,0.0,0.0,0.0,0.37129414622192153,0.514829144549402,0.06195932653579754,0.020605322554916088,0.059942301100357906,0.2811637988408434,0.06705841629613105,0.3242625649995339,0.027504433363994506,0.0,0.0,0.33436856958736294,0.12070392003812358,0.07667044634858504,0.11311479798066304,0.17383023096922592,0.29317732689546594,0.15243605152071046,0.045069439148107286,0.20617005702774138,0.0,0.03569215778839759,0.18810552344189582,0.07029743671980392,0.0020252659012563656,0.0,1.9084485071159398,0.0,0.0,0.4086648437206656,1.3468167851058637,1.3078201918761307,Vip
ALM,Vip Igfbp4 Mab21l1,0.02171652894482686,0.0,0.0,0.014654346678366034,0.0,0.0,0.013953798785243207,0.0,0.0,0.0,0.005764906010078653,0.7042510441751417,0.13004186878187288,0.024156254080203804,0.06925097453828807,0.1948732431255175,0.0,0.3272575894767965,0.13936956304689968,0.0,0.0,0.263883958060613,0.34397756279822156,0.0776800911008616,0.17861015419825316,0.38676996107366635,0.44725980720842096,0.0005920548694602483,0.1183505764798659,0.23967904103487955,0.0,0.0,0.15194516000312155,0.21865815934131774,0.02360950190153614,0.006564554639795143,2.3592385650439254,0.004122502840778756,0.0,0.2748594861875623,1.3027171634286674,0.6831994215115625,Vip
ALM,Vip Igfbp6 Car10,0.021557418209951863,0.0,0.0,0.0,0.0,0.03294149551579616,0.009581822370793299,0.004042477886017451,0.00024065709177932155,8.504122058926006e-05,0.27755451491963384,1.1538206809615503,0.014922075471913916,0.00033607223909009953,0.1712604583853827,0.18264856238068644,0.0,0.15943248088279185,0.0,0.08304104009260702,0.0,0.46225080728636053,0.22129646322828914,0.13992158625407927,0.1097849580645953,0.3955599681068297,0.48954541153294046,0.11479622929498057,0.2545006371794828,0.07309394176444864,0.0,0.040768418850572155,0.10488925458210184,0.4686919486201914,0.01409492045683068,0.0,2.4129885803518065,0.03063624546678397,0.0,0.20121390063314962,1.257043538347703,0.4107764842835292,Vip
ALM,Vip Igfbp6 Pltp,0.004198493822526502,0.0,0.0,0.0,0.0,0.01697152924103079,0.00318494253345233,0.0,0.0012180708756432104,0.0001443956664970389,0.5011273350482802,0.6273502995892555,0.0,0.02277990564389259,0.029904949036231136,0.12177174073924872,0.0,0.11056239201645313,0.007999952150853617,0.024369585215643377,0.0,0.24877292184004363,0.041640035826933326,0.08193605591296439,0.1362996346452881,0.4102059456796914,0.11097555566606021,0.13734746981690507,0.34571371634023496,0.08494528143897344,0.0,0.03654203290644311,0.06869379924281008,0.5737166122999829,0.0,0.0,2.5273580920376815,0.0,8.847759561346783e-05,0.4475951505586799,0.8481428760854643,0.8385471017419828,Vip
ALM,Vip Lect1 Oxtr,0.02844470252468848,0.0,0.0,0.055814625399573936,0.0,0.0,0.0,0.0,7.044841276726723e-05,6.307582889554083e-05,0.025641872152336306,1.02729762086743,0.023770256084144636,0.02672153674570798,0.2011198249162887,0.31257864613011027,8.91932792406653e-05,0.36822231256847127,0.0014343735500119254,0.0,0.0,0.7571588099225713,0.17564320490433913,0.08948499364977869,0.11111553360391106,0.08738859532630504,0.759613776082848,0.0,0.02310079610934812,0.2230639706596557,0.0,6.38629747381598e-05,0.20479915015621253,0.1936319653095272,0.0,0.0,1.8262305272169865,0.009795439287584227,0.0,0.11005180508683023,0.7512648175626773,0.20868619635582836,Vip
ALM,Vip Lmo1 Fam159b,0.01731087011741778,0.00039661066999219496,0.0,0.013850386851359545,0.0,0.09920842736993944,0.0,0.0,0.028972362290429116,0.012498302735839172,0.39462149639998434,1.153133494285988,0.0708885245755177,0.08587941640495622,0.07951001015434561,0.18113772009083465,0.0,0.302290844289362,0.006704329657823457,0.006804739099677492,0.0019504817580368958,0.5812408455511672,0.04644469753189504,0.10697217854591291,0.14607530049179315,0.049422273782602305,0.42152017641948936,0.3277134058806634,0.09015289735733774,0.025692859181241628,0.023397130772108272,0.009804421096647043,0.3484562529852482,0.05259636042800304,0.030699701487367878,0.0,2.534013407109592,0.0565521473769959,0.0,0.4283150118862011,1.083120334515889,0.6743567904728175,Vip
ALM,Vip Lmo1 Myl1,0.11804970921763465,0.008306077013976025,0.0,0.043980472944538364,0.0,0.05328293442552597,0.0,0.0,0.021156203854389263,0.00010240442687738213,0.062390809528623914,1.4154328999949046,0.06868980062310077,0.03351061672997374,0.09228150796198142,0.3659701924663266,0.0,0.32020288764496596,0.0009048691698830372,0.0,0.0116283527033408,0.7733314991854484,0.026030605705927128,0.08245634398879682,0.17426624606223753,0.010700795924149461,0.5725360909745375,0.10881827037196996,0.03203303370347495,0.02294544332591048,0.0,0.009121384236391488,0.3647536320014679,0.08152141689376616,0.02081059612670816,0.0,2.4194260319341496,0.0,0.00011184097572217003,0.31723081626494565,0.9142370236185008,0.42743319174079414,Vip
ALM,Vip Ptprt Pkp2,0.004363415385452137,0.002460234118263543,0.0,0.02801014652246032,0.0,0.013337942341329586,0.0,0.0,7.943509342944021e-05,7.086885432004225e-05,0.38706835004000023,0.29696836993751924,0.1323990758928576,0.020402867353775875,0.06786839850780259,0.3511913482618812,0.03768011538648769,0.3381220333114176,0.016168466434100096,0.001365569065203066,0.0,0.4414088487821036,0.08408573413554819,0.05679760063608917,0.15456197104770364,0.0438291999768888,0.34644259011162903,0.06677347693398848,0.03748877413215254,0.0829592381989745,0.0,0.0011499012581445655,0.2046977881477017,0.05087033998608621,0.05105288421457632,3.540110849922835e-05,1.4610805644814713,0.002120992902996961,0.0,0.47945020698365964,1.0593355035049141,1.433269397177294,Vip
ALM,Vip Pygm C1ql1,0.02403716744615666,0.015044603940893332,0.0,0.0,6.78903098982705e-05,0.0,0.0,0.0,0.06270670213012552,0.006340196084176442,0.4128184098695052,0.7230239722703449,0.017797758947695072,0.010889854206540773,0.1407600389198263,0.2627734198886484,0.010911194886760102,0.1315617618862384,0.02920516575496259,0.0,0.0,0.26762037236780434,0.5857209185662225,0.02340368861782337,0.1331726547931382,0.33451288064743934,0.7892905935088783,0.06922048513638801,0.1061657656976823,0.2646978379799314,0.0,0.12259651375990957,0.27234943940109285,0.3562510844662046,0.03035945880417512,0.0,2.3759213076086767,0.06062597011693511,0.0,0.1344872571672594,1.0757174440715276,0.16849403241205246,Vip
ALM,Vip Rspo1 Itga4,0.047682687267313464,0.05108378798288159,0.0,0.0028167083763764216,0.0,0.0008226623520844924,0.0,0.0,0.011883398544892603,0.0,0.7529575923523597,0.9406533602987733,0.09715642353251973,0.049309176978586215,0.1485506149184802,0.13484447527643362,0.0,0.3300257454496728,0.027266586092094664,0.00013328975708368245,0.0,0.5374701332115455,0.39663991670293186,0.02285496917690501,0.1674096377742987,0.08713046051432058,1.0336222862475952,0.037800762497852004,0.08513099889961828,0.19280951095193113,0.0,0.013180867183631876,0.261001490703477,0.20845182038388926,0.0015060914186026014,0.0,2.4634725485432107,0.0,0.0,0.042048476986307176,0.949602758724638,0.051458484594891093,Vip
ALM,Vip Rspo4 Rxfp1 Chat,0.019089007253980446,0.0,0.0,0.05155349118406654,0.0,0.011811669594503945,0.0,0.0,0.0,0.018628975792571705,0.8285855135375445,0.5586876602768894,0.07058825710638567,0.013872973156365417,0.1948516003919469,0.24405455225907552,0.0,0.27666326203254576,0.06612820611937373,0.009562624697458623,0.00010796167147731313,0.30499495453139674,0.44416204492493616,0.031889424633820995,0.19273676834525424,0.10359128690915599,0.6953330354047524,0.1513624456470585,0.0906738371494146,0.11386419272193,0.0,0.0,0.09904217406963348,0.2822386591395511,0.06369761246432623,0.0,2.1551268941683275,0.02067165060480328,0.0,0.1863064373979492,1.088720346094959,0.8313186475107689,Vip
VISp,L2/3 IT ALM Macc1 Lrg1,,,,,,,,,,,,,,,,,,,,,,,,,,,,,,,,,,,,,,,,,,,L2/3 IT
VISp,L2/3 IT ALM Ptrf,,,,,,,,,,,,,,,,,,,,,,,,,,,,,,,,,,,,,,,,,,,L2/3 IT
VISp,L2/3 IT ALM Sla,,,,,,,,,,,,,,,,,,,,,,,,,,,,,,,,,,,,,,,,,,,L2/3 IT
VISp,L2/3 IT VISp Adamts2,0.00021354702251151638,0.0,0.0,0.01115162990198718,3.402531361715748e-05,0.10702052370176413,0.005189724426277461,0.0,0.0003505413310830855,0.05157649905335509,0.001456243230098268,0.00010401779562368173,0.0011917413986685436,0.022942945779991505,0.031209369535120438,0.7711435318149361,3.197241181452335e-05,0.2964120277812312,0.05829513995946411,0.00042373124909693156,0.00323268810288097,0.006338436528648277,0.0,0.010488964947763343,0.05518817255777015,0.001298311052622261,0.005105731736233765,0.0717577697906513,0.20340240236931148,0.16440301531391074,0.009502341693433572,0.2530711768931619,0.10335640384144577,0.044835292914732504,0.21005491255724532,0.00022204562644914154,0.5281681288245269,3.0228097539447205e-05,0.009144655542850126,0.022901465859852258,0.41130273376394744,0.02920113590541692,L2/3 IT
VISp,L2/3 IT VISp Agmat,0.0028008495740322625,7.2545935507693e-06,0.0,0.037497157963213484,0.0002726032937337759,0.03379190551876935,0.006150840626204545,0.0,8.310413152420843e-05,0.06264624625845246,0.002737307468046461,0.0016234183413083396,0.0003342975960973201,0.024629272014187173,0.09879705941370259,0.7742369221691077,0.06610572596712284,0.3309018996678442,0.08699813118014187,0.0012312111650298128,0.0011956485001683467,0.019750049622838176,0.0003693205114035388,0.008590699279321918,0.061819924258312994,0.006007172591245108,0.03586496527982742,0.014577547258766746,0.18793154999327402,0.2529627891023443,0.00843474927257933,0.3017811777538516,0.15652697328910622,0.025391971090962317,0.4687688621968843,1.6565228133228273e-05,0.5352382772493454,0.0007744430085770573,0.014346317694523159,0.024080036954013666,0.6308613780125414,0.00600264044397441,L2/3 IT
VISp,L2/3 IT VISp Rrad,6.0058537122432706e-05,0.0,0.0,0.02513984824295056,0.0010767691502745996,0.10499576514750503,0.00965648311428075,0.0,0.00023047296675155217,0.13179548558525864,0.0,4.287733540006291e-05,0.0021834625941147406,0.0105061510809702,0.013016657233191406,0.5584671751304631,0.012906738096841624,0.3118656284770977,0.07427398723318612,0.0,0.0014512976720975404,0.005621469422860884,3.2481317218161016e-05,0.011408377178289169,0.0423051547357682,0.00010140083452143123,0.003391887011708428,0.04666503125987277,0.0653189530101055,0.304100702303467,0.0003922746563051726,0.2049091115298921,0.08782252614603744,0.024046349827666222,0.4592017590826659,0.0,0.4464197493262669,0.0,0.003784191251771938,0.008384573073350795,0.35087448691530193,0.022035821215195008,L2/3 IT
VISp,Lamp5 Fam19a1 Pax6,0.02970386638537104,0.00012178945587133955,0.0,0.0,0.0,0.0007455763161717575,0.0,0.0,0.0,0.01873872069623683,0.03186499178017215,0.722743933443893,0.05014431278005361,0.0264915606789783,0.12494428986324628,0.309653004763721,0.0,0.13200686056651068,0.010468542088472055,0.0,0.0,0.6503613742451068,0.0252137608072172,0.7696824671416531,0.11905757700130815,0.4149812507646082,0.3336273841227508,0.02087654765628515,0.0914967240425605,0.02557674518238988,0.0,0.30621408175864506,0.27965511489879197,0.09489358439644563,0.0,0.0,3.287407744532969,0.0,0.0,0.05789216460299361,0.40526173062846366,0.5565127406257027,Lamp5
VISp,Lamp5 Fam19a1 Tmem182,0.29872661817265944,0.0,0.0,0.0,0.0,0.07519302315736394,0.016420016894526636,0.0,0.0032402201810047544,0.015153275199258376,0.0,0.5333247831054512,0.021339693605244105,0.017960632655887376,0.05999351909939023,0.41564612280147534,0.0,0.1425513471933022,0.013124589437702859,0.0,0.0,0.5620039207748817,0.020815384336505944,0.5070136004846977,0.14600137293042434,0.37522624063223226,0.36789591141785577,0.0012692718890051065,0.08067598739693295,0.07135129632526413,0.01661224435970084,0.34954771161883563,0.22985844613403483,0.0893951426502289,9.364767063169013e-05,0.0,2.7597638441564607,0.0,0.0,0.010598433270719472,0.38544410058721107,1.0418285543307517,Lamp5
VISp,Lamp5 Krt73,0.00015117933817276045,0.0,0.0001114002666601685,0.0,0.005909467816120591,0.1225165762629978,0.0,0.0,0.0001253369646318919,0.08641875574770047,0.0,0.032848734108835306,0.009190556126290682,0.00014592013236383242,0.4349527337796415,0.36518102395523316,0.00024021809392088097,0.21434522413538584,0.0,0.0,0.0,0.42739890899595023,0.013038064306632907,0.7168114466067751,0.16458696361972486,0.09920162136834922,0.08808170104110047,0.010490072661446444,0.03437384972228478,0.0011532799969736704,0.0,0.16811774733740056,0.21270962281147524,0.18247348033440422,0.006803430628731421,0.0,3.16568865635906,0.0,0.0,0.1900943113830374,0.1165405736045879,0.041657892115682355,Lamp5
VISp,Lamp5 Lhx6,0.027714508771087554,0.010421882487655363,0.0,0.0,0.0,0.0,0.0,0.0,0.102835185823877,0.13924808776491887,0.00015570699038359184,0.008047313349262406,0.0,0.00010097193018255448,0.2816887304934821,0.43614628040351,0.0002029050753159049,0.07878352117096978,0.04298184023570014,0.0,0.0,0.02023639327169045,0.031266008766310936,0.12565318309234236,0.1540639087191514,0.45727456532400285,0.0008604820649949692,0.0009354844359422302,0.009382883362094913,0.06366572838810788,0.009136272562916357,0.030652544593915566,0.05866768358684223,0.08877517564027813,0.0072854062032698865,0.0,0.1715045096987917,0.0,0.0,0.5578314646904274,0.03354713861436994,0.0,Lamp5
VISp,Lamp5 Lsp1,0.12114746282120241,0.016394043602566213,0.0,0.00048320531062745513,0.0,0.02629395225107747,0.006742956898160884,0.0,0.37006995298469086,0.26523867388892214,0.0035065452750206658,0.04189886234843989,0.005018711600840489,0.0010064856531371937,0.02058456048723836,0.42481730378652155,8.210880347737839e-05,0.03458748699595954,0.034990880065094924,0.0034701133825641947,5.362193793958667e-05,0.3582517689948403,0.17313735168022762,0.14665670453945837,0.13949325185388148,0.4685757588368094,0.25553355347598494,0.02227129555995522,0.004441252729041752,0.04627200418597682,0.005394853604348025,0.0899744275159186,0.07176680049768641,0.39247941461747055,0.0318494631134888,0.0,0.7306599738272382,0.0,1.2047424397787766e-05,0.5208698258166359,0.0467762067747578,0.0001978197298959613,Lamp5
VISp,Lamp5 Ntn1 Npy2r,0.42328002703725437,0.0,0.0,0.0,0.0,0.03663410755912107,0.023847893537831767,0.0,0.004461069604948229,0.11013449267949453,5.305585666559636e-05,0.18627607673980168,0.007665125976976389,0.0043671773142973346,0.036790651238542034,0.46879235666186525,2.8394924178645527e-05,0.04617552469158659,0.004589103361427426,0.0022894945419396407,1.8145791738160852e-05,0.4285437273647741,0.052271275692665896,0.23343408608763375,0.10209232212990989,0.4570613904417035,0.4436790044096432,0.04544967964514979,0.08625694668589631,0.09456102285268243,0.004199724194843734,0.2646475880133695,0.07191309211470563,0.16564470690776448,0.0023281220402752737,0.0,2.2441346314489845,0.005552835645815287,3.263549873647758e-05,0.06386105965995582,0.4532529921133097,0.5611642394416732,Lamp5
VISp,Lamp5 Plch2 Dock5,0.16311079888214755,0.0,0.0,0.0,1.434165854748334e-05,0.02354634595929769,0.016582635566125443,0.0,0.020674364213939492,0.3630433415913012,0.006100051222598703,0.032478319727405,0.003166694152224864,0.0026098115339149267,0.0405001397745572,0.47650668656846157,3.331821849429241e-05,0.04089259810289514,0.012441147029468632,6.658804644107068e-05,1.732375974015585e-05,0.39898055157509554,0.04627491788038542,0.27597953561721617,0.11348516176211977,0.5936965552124059,0.41211280483065976,0.0638942251729047,0.027224251634350043,0.06869391352320998,0.0008789922825304597,0.2806774507072033,0.045420606942356535,0.2733714276328246,0.005870056568633166,0.0,2.0788099115488294,0.0,0.0004257017419015404,0.2611321126518652,0.13647923226513597,0.037170188662540266,Lamp5
VISp,Serpinf1 Aqp5 Vip,0.3465060120186542,0.17441338617580232,0.0,0.0,0.0,0.0,0.0,0.0,0.4852524406991337,0.21164815596432213,0.30454887647342027,0.8074944747578773,0.0726140528472842,0.012336350275190125,0.17183402492995004,0.3265831076869416,0.0,0.16901881341836567,0.0013571529092826285,0.0,0.0,0.45562023343051267,0.3815892131680297,0.1659955666353083,0.13321801634580901,0.2780842229080838,0.6746514331961603,0.06125795376831839,0.04807853585216645,0.04711156191601966,0.0,0.1494368800251905,0.3298267203600461,0.21253657960609446,0.008541918261047618,0.0,2.8025039344528366,0.0,0.0,0.15420453421734595,0.5441799130850673,0.00035111899576474327,Serpinf1
VISp,Serpinf1 Clrn1,,,,,,,,,,,,,,,,,,,,,,,,,,,,,,,,,,,,,,,,,,,Serpinf1
VISp,Sncg Gpr50,0.0,0.13792950789712485,0.0,0.019014176955064726,0.0,0.0,0.0,0.0,0.0,0.0,0.45995445093744763,3.1634511242845953,0.0,0.04886309577583403,0.16045708542261652,0.038404046767313585,0.0034807143273602186,0.08652292456381794,0.009213966483772278,0.0,0.0,0.7295312689129236,0.666371627638579,0.17602672637096406,0.1178069081102741,0.04293719280853009,0.24467103840355103,0.19464607555317257,0.1253444467246257,0.11830932648004562,0.014769656408171395,0.1342614428777325,0.26234360445563965,0.20160301289160312,0.0,0.011312115367563727,3.706093935363349,0.0,0.0,0.04699506774129654,0.49978420078951896,1.953797304990294,Sncg
VISp,Sncg Slc17a8,,,,,,,,,,,,,,,,,,,,,,,,,,,,,,,,,,,,,,,,,,,Sncg
VISp,Sncg Vip Itih5,0.0755498170940865,0.011347493418458287,0.0,0.03311272264607261,0.0010769638156416662,0.0059646476482099545,0.0,0.0,0.0006902168369802734,0.05906533656687909,0.4041627691843041,2.497506086015723,0.009194813822109663,0.09201250446689589,0.40457573811079894,0.27089602884411507,0.004229032333525784,0.21706747035763158,0.003230624034382229,0.0,0.0,0.581343923322399,0.2628346683307223,0.31138927325330623,0.10270542544137909,0.1729031258222412,0.6300968224548497,0.105835956782611,0.1016195543698895,0.07018992021711436,0.00027428397631808096,0.025509287225602875,0.46703577784159295,0.272949193457185,0.0008754619501914709,0.002806191834494547,4.049969625879357,0.036933529337214825,0.0002578612116751387,0.022323637229865124,0.8839766658911514,0.4914099857221153,Sncg
VISp,Sncg Vip Nptx2,0.002249546687599646,0.02300427247293653,0.0,0.030986111742537795,0.0,0.0,0.0,0.0,0.0,0.00011793900015102787,0.343820053205392,3.1752378908042145,0.0,0.07102863106954797,0.18816917804666905,0.18763156401482606,0.0,0.22148052889939485,0.012927387859292492,0.0001352054152256638,0.0,0.8148929148585653,0.3500574564382196,0.2860846682382441,0.09957499953285238,0.15468418393901484,1.048745402835483,0.0935531710540977,0.14654869279985083,0.084096409911174,0.0,0.19088836122383634,0.40870180485618196,0.15740845743405726,0.00012817040463390712,0.0,3.6483122984985354,0.0,0.0,0.039513716461441556,0.7910087230511704,1.7450487657217881,Sncg
VISp,Vip Arhgap36 Hmcn1,0.03570739688907984,0.0028632893365341436,0.0,0.0,0.0,0.0022367414126044922,0.00021440177002506056,0.0,0.002732299433503848,4.9706266231762264e-05,0.3013904037279116,0.39427629744510806,0.015587926106426009,0.047227074348426296,0.013192863207009348,0.30238159296832817,7.152661077473956e-05,0.12567746388010775,0.037723008981626005,2.2984016508743657e-05,2.9046428794433374e-05,0.12423755082323899,0.1849116651419714,0.06774572833492934,0.1237368031342355,0.4904005876403573,0.3229521929675839,0.07890125628664303,0.12596007995758457,0.17157191238151387,0.0,0.08589892560597086,0.23749598824819507,0.10873418756711929,0.014566063115986266,0.0,1.899081753409811,0.00041802315026601345,6.071565781472371e-05,0.8597115524159064,1.1832151414245196,1.5514206053383912,Vip
VISp,Vip Chat Htr1f,0.171178727484719,0.0047550451061356015,0.0,0.001594141160935926,3.3174926422481824e-05,0.044292976073270145,0.0,0.0,0.2813198645013121,0.20149522071164003,0.886097743911518,0.8752477786752973,0.14154596426781318,0.03597378246405402,0.104460324438126,0.19471524844804455,0.006178941946423646,0.24800211705826383,0.018232625979075337,0.0006711758778805931,0.0,0.28441435142224475,0.4911391334192295,0.03950782036239007,0.15341111470666718,0.17275612189480732,1.119027221794989,0.04119390585585889,0.02541116035413401,0.11419517462161952,0.0,0.17851876369072864,0.30865483374022995,0.16830388873101818,0.011267888512991642,0.0,2.464319771299451,0.0009265830158396301,0.0025390946185450303,0.019707860465276294,0.8211781780553746,0.03734100670030434,Vip
VISp,Vip Col15a1 Pde1a,0.04127408238503379,0.0,0.0,0.0,0.0,0.0,0.0,0.0,0.0,0.0,0.4110857886198318,2.753836198433108,0.01988734177544296,0.07043777811209426,0.2074345343885603,0.15923927162290324,0.0,0.23835195812285523,0.0040255874712804,0.0,0.0,0.5985647280444012,0.2298622750665179,0.27591863022554486,0.12630947152479324,0.14576624102630648,1.6255395392001237,0.06461212343327255,0.05705565211342217,0.10988313833068414,0.0,0.10741552623031668,0.6664815397678282,0.16292144809789563,0.0,0.0,3.6412466736124656,0.0,0.0,0.06514322041597763,1.0020005289599807,0.750630345554357,Vip
VISp,Vip Crispld2 Htr2c,0.1616837769097689,0.0014005086841142474,0.0,0.012640214239488173,0.025519653275337232,0.013585108515289858,0.0,0.0,0.001008139085981265,0.01119330231559982,0.40036068304001404,2.5476230272374174,0.07931042673096915,0.01998112392745498,0.21232866704456013,0.22792089505817145,0.0,0.43189893344951535,0.003030101788660847,0.0,0.0,0.6056640785282416,0.13381420301745248,0.20400340417921528,0.11950466518385017,0.11174983868838187,1.546404860053924,0.011157214822474282,0.019414896515673553,0.14003297493084288,0.0,0.08553004850810764,0.3819354225053407,0.12426023666048845,0.00029665743436361547,0.0,2.9148165002902386,0.0,0.0,0.00048373130792468027,0.7753025858728068,0.0030953703886621576,Vip
VISp,Vip Crispld2 Kcne4,0.1553008887068772,0.021096864598445626,0.0,0.020043486136082516,0.015553744862002467,0.0034518020526016864,0.0,0.0,0.002181510072449548,0.0,0.017956017181670867,2.7667212127087324,0.0375540705667163,0.013031499078590896,0.19520376453306093,0.3194309069836467,0.01073740593805101,0.31717142999312353,0.004630048260807884,6.51938367869719e-05,0.0,0.6457823328055673,0.05249265257748925,0.17221739426119043,0.1279217276812673,0.06547477432466947,1.1577768157125656,0.00024535949578901114,0.023827637768350476,0.13281909838153536,0.0,0.07892773283741387,0.3244983435943621,0.16653774618576125,0.0024236797219960265,0.0,2.676899973957721,0.0,0.0,0.008349124576571528,0.37935169668531027,0.00010108953325648554,Vip
VISp,Vip Gpc3 Slc18a3,0.0062197582484836735,0.0,0.0,0.0,0.0,0.005601154095314398,0.0,0.0,0.0,0.0028163181051006404,0.3091038968005837,0.6029326925780586,0.06758759946449404,0.06148450494159635,0.01714523407863938,0.19309903914753324,0.03626564167229165,0.21688099267005836,0.02317099927169242,0.005517302099549336,0.0018684470817243919,0.23493803896056245,0.0712727144357403,0.1220892748219782,0.1553250056469657,0.22036324159650447,0.31640994552533835,0.15691076152869146,0.0784958508212965,0.1305722254546227,0.005322950456702733,0.004551128599095654,0.2108397002621322,0.03764376480643563,0.002755149798280559,0.0,1.7894122842911562,0.0008971571971193909,0.0,0.4498469479650105,1.2759859756002037,1.6811709751881423,Vip
VISp,Vip Igfbp4 Mab21l1,0.06225672371610852,0.0,0.0,0.0051397988005861105,0.0,0.017082892168529925,0.0,0.0,0.0,7.732570554259734e-05,0.10114937783626007,0.39990147098530304,0.010564385643483358,0.015920670375844322,0.049478281501702186,0.3265398191866377,0.00013318826043024615,0.2828308989977116,0.03437127702378055,0.0025689806326003096,0.0,0.2239385029163765,0.27622571028909837,0.13525246845285258,0.12377540567738139,0.34615412888446384,0.49358155985537094,0.0,0.11427350886788715,0.15277307859310627,0.0,7.793418242046644e-05,0.17577307275243717,0.1692040483371696,0.00011516740277356285,0.0,2.075288175247762,0.007418608274725433,0.0,0.20753116254149648,1.3484949472591645,0.9139760597482189,Vip
VISp,Vip Igfbp6 Car10,0.19409684605375,0.0,0.0,0.0014474144359146145,0.0,0.026757138327398525,0.003082047022830707,0.0,0.003936693414956611,8.607796621706662e-05,0.107775673430111,0.9883796520157458,0.015383098049990178,0.009458756022383554,0.10223743093836207,0.274252678449885,0.0,0.19730264732003866,0.0022254269758574725,0.007942139912249378,7.850779947516512e-05,0.3689105358982568,0.044632830445934704,0.2506731425043062,0.12422330575976433,0.3184641092943664,0.5025338466342355,0.02840637687272311,0.23357869148655994,0.07087855215237383,0.0,0.06596618857610931,0.12204566982655486,0.24696242023303208,0.006797678187224659,0.0,2.2676654115107397,0.00021523124292744915,8.612679987832403e-05,0.1891892144595203,1.4281278797008228,0.44545863223249244,Vip
VISp,Vip Igfbp6 Pltp,0.09256815947236309,0.0001279727163967134,0.0,0.0,5.4781271425755017e-05,0.03693014883503408,0.0,0.0,0.00021736324281162718,0.00012875917653290775,0.13509287607589798,0.3425403748338225,0.009191612329201931,0.019643094393554154,0.08337844277330952,0.20446420230979767,0.00017178512084381695,0.10547269070698966,0.016683019108903817,0.0007763380431771573,0.0,0.26952758744773847,0.01793416605014578,0.19285091803352006,0.08303601275879641,0.5228013665783781,0.17799538166596504,0.0943833460721669,0.2370692925351295,0.06663844664476753,0.0,0.09366335896612082,0.13911555500191672,0.345127439729035,0.00016909412536627048,0.0,2.346486216806122,0.010209958949002325,7.598088612316913e-05,0.43809208973731084,0.9256033977681085,0.6918174500939611,Vip
VISp,Vip Lect1 Oxtr,0.10166636143459748,0.0,0.0,0.05478456461408835,7.175724479143195e-05,0.0,0.0,0.0,3.833888164573498e-05,3.8136050063065044e-05,0.05012045679393603,0.9192428467680527,0.04012253043285364,0.022309230791553114,0.2452794771251713,0.4011581640102613,0.0,0.38317615584255105,0.007391346983865936,0.0,9.314507810349873e-05,0.651830502603554,0.23275942119475124,0.14131189959374382,0.1491629825692614,0.10989142073312587,0.919988258179417,0.0,0.023652131209669677,0.17798863152595673,0.0035659533089196557,0.004490921516715215,0.2137439863785649,0.1426514237755812,0.0004863305380089358,0.0,1.743583109844229,0.0,0.0,0.0811141534870172,0.8002684098404548,0.2982425500643513,Vip
VISp,Vip Lmo1 Fam159b,0.030978490227352204,0.0,0.0,0.0123174697410668,0.0,0.11300143460835062,0.0,0.0,0.0031977933198740695,0.014026195057422761,0.37372975450452894,1.158468086297868,0.11364178592137598,0.11746793555700916,0.0354332034852718,0.24153877264992948,0.004647600011342498,0.27636285362425067,0.008255476269670594,0.0038027518967595373,0.0,0.4254059641152808,0.059574645121346026,0.07682627143175556,0.1342693888088107,0.03528305550476052,0.30690481993565166,0.2184991021998732,0.01647000341776494,0.022425951611959184,0.0050974189993641715,0.0035205022999056238,0.3037676207895815,0.021400522794207674,0.0017678986886527554,0.0,2.577630263720407,0.0008286134594925216,9.904167993817285e-05,0.4387735288674598,1.0711045165794064,0.7179575326397102,Vip
VISp,Vip Lmo1 Myl1,0.08608584387404919,0.0055831109154684975,0.0,0.06693127111770598,0.003777439589492349,0.11735876563270138,0.0,0.0,0.010158609715654987,0.013327738842978831,0.014977587380917395,1.242306314806918,0.07806292214969353,0.016987793879482946,0.09277997547155538,0.5972859199514665,0.004413796354926207,0.3318803176064548,0.0037594977802636303,0.0,0.00011851239918386957,0.6328724427794306,0.04798958232595393,0.02884518027408294,0.1641198211147647,0.01285214930520314,0.4574743282820142,0.09470246188464493,0.03485920559245229,0.037491844947500706,0.0,0.0,0.28307779946214096,0.04069773304405409,0.0043020817857843665,0.0,2.112168527909676,0.0,7.216070254668959e-05,0.2856422475809842,0.8607872267075102,0.6317094308920836,Vip
VISp,Vip Ptprt Pkp2,0.01946355318474704,0.009688149739434061,0.0,0.012641946328209721,0.0,0.011176484866083435,0.0,0.0,7.378498244877762e-05,5.066727074294225e-05,0.40967149582622464,0.22853401665267972,0.13009971664797432,0.040118028912003584,0.07628948693497442,0.3839787689972862,0.017140802440718434,0.2894319540341131,0.013257223004496664,0.0063369636273006786,3.648664238897837e-05,0.36372424115875074,0.0930430672082685,0.05805188267939262,0.14668773028169457,0.061936407689790675,0.3630973484070394,0.04688465974083558,0.022063054296390827,0.08013415342260699,0.005102746155436308,0.005109613469109617,0.14384827548277793,0.06587225531660063,0.009182490856184982,0.0,1.126887094512268,0.004152257372290559,0.00604056636290283,0.49515419530222743,1.1535807238536278,1.7274619791680215,Vip
VISp,Vip Pygm C1ql1,0.12442008998920516,0.004105656976800541,0.0,0.0010244297944619132,9.230235136789698e-05,4.295364896781719e-05,0.00032476063143772914,0.0,0.016811107068344357,0.0222502358792489,0.34861328797356,0.6082650136187484,0.027528866800389795,0.007252006420492767,0.13115961702052395,0.3076866333705853,0.0017739644497779968,0.16217983714170156,0.03871745297703141,0.0004301270085619067,5.579493253282918e-05,0.22333585973508213,0.5245258312413892,0.06630821488210599,0.10476174834299105,0.2856634358729358,0.8120623404196916,0.017006450733157156,0.08556719028980067,0.20753134651721947,0.0,0.21159489473309034,0.3101900373144718,0.2825070394054444,0.015514955318602548,0.0,2.215551961415594,0.018248588778789387,0.0,0.0457047257091914,1.0718884069058416,0.2287889284232332,Vip
VISp,Vip Rspo1 Itga4,0.06344150752933803,0.010070999427947142,0.0,0.006141292964313206,0.011616074594343398,0.0204116495457259,0.0,0.0,0.0020831534647979427,0.00012602880870534057,0.6109005326103385,1.1079227627809305,0.09848491359122549,0.040543547225540294,0.25191618971789675,0.19000798454824955,9.880891373154276e-05,0.2821600601117056,0.0,0.0,0.00015195793986525418,0.41891835033477476,0.3356242622127759,0.12058458954472798,0.10743544441390421,0.09518309296379604,1.2283403256620753,0.0,0.040842909213694635,0.14951293662668708,0.0,0.034056410507253526,0.20045580728735624,0.14516444670684808,0.0,0.0,2.3719453512713446,0.0,0.0,0.029338273826187165,0.9841240189587278,0.0587955963608688,Vip
VISp,Vip Rspo4 Rxfp1 Chat,0.05264008761972519,0.0001724020930004721,0.0,0.01758482133946738,0.0,0.05324125785803073,0.0,0.0,0.0,0.012098566625499081,0.8435531783962991,0.42683579868766774,0.13459972522413097,0.016610014619431804,0.24080708219098532,0.21242394104294066,0.00017589727024226018,0.21333925383264493,0.009069776896103,9.450772965903763e-05,9.450772965903763e-05,0.3648834383450937,0.4274468511262272,0.00958032476798956,0.09068903309032501,0.15729250161709896,0.9331261240151693,0.029620590337916267,0.052495301332381956,0.11459829665303374,0.0001047720288874246,0.03595928340859396,0.1067129089762071,0.1799220942763046,0.01183234621619239,0.0,2.0049439365799637,0.009477706310023369,0.0,0.15848881225746195,0.9757202036263888,0.9267549702521335,Vip
