subclass,region,gene,n_clusters,mean,std,cv
L2/3 IT,VISp,Drd1,6,,,
L2/3 IT,VISp,Drd2,6,,,
L2/3 IT,VISp,Drd4,6,,,
L2/3 IT,VISp,Drd5,6,,,
L2/3 IT,VISp,Htr1a,6,,,
L2/3 IT,VISp,Htr1b,6,,,
L2/3 IT,VISp,Htr1d,6,,,
L2/3 IT,VISp,Htr1f,6,,,
L2/3 IT,VISp,Htr2a,6,,,
L2/3 IT,VISp,Htr2c,6,,,
L2/3 IT,VISp,Htr3a,6,,,
L2/3 IT,VISp,Htr4,6,,,
L2/3 IT,VISp,Htr6,6,,,
L2/3 IT,VISp,Htr7,6,,,
L2/3 IT,VISp,Chrm1,6,,,
L2/3 IT,VISp,Chrm2,6,,,
L2/3 IT,VISp,Chrm3,6,,,
L2/3 IT,VISp,Chrm4,6,,,
L2/3 IT,VISp,Chrm5,6,,,
L2/3 IT,VISp,Chrna2,6,,,
L2/3 IT,VISp,Chrna4,6,,,
L2/3 IT,VISp,Chrna5,6,,,
L2/3 IT,VISp,Chrna7,6,,,
L2/3 IT,VISp,Chrnb2,6,,,
L2/3 IT,VISp,Adra1a,6,,,
L2/3 IT,VISp,Adra1b,6,,,
L2/3 IT,VISp,Adra2a,6,,,
L2/3 IT,VISp,Adra2c,6,,,
L2/3 IT,VISp,Adrb1,6,,,
L2/3 IT,VISp,Adrb2,6,,,
L2/3 IT,VISp,Hrh1,6,,,
L2/3 IT,VISp,Hrh2,6,,,
L2/3 IT,VISp,Hrh3,6,,,
L2/3 IT,VISp,Adora1,6,,,
L2/3 IT,VISp,Adora2a,6,,,
L2/3 IT,VISp,Cnr1,6,,,
L2/3 IT,VISp,Oprd1,6,,,
L2/3 IT,VISp,Oprk1,6,,,
L2/3 IT,VISp,Oprm1,6,,,
L2/3 IT,VISp,Npy1r,6,,,
L2/3 IT,VISp,Npy2r,6,,,
L2/3 IT,ALM,Drd1,6,,,
L2/3 IT,ALM,Drd2,6,,,
L2/3 IT,ALM,Drd4,6,,,
L2/3 IT,ALM,Drd5,6,,,
L2/3 IT,ALM,Htr1a,6,,,
L2/3 IT,ALM,Htr1b,6,,,
L2/3 IT,ALM,Htr1d,6,,,
L2/3 IT,ALM,Htr1f,6,,,
L2/3 IT,ALM,Htr2a,6,,,
L2/3 IT,ALM,Htr2c,6,,,
L2/3 IT,ALM,Htr3a,6,,,
L2/3 IT,ALM,Htr4,6,,,
L2/3 IT,ALM,Htr6,6,,,
L2/3 IT,ALM,Htr7,6,,,
L2/3 IT,ALM,Chrm1,6,,,
L2/3 IT,ALM,Chrm2,6,,,
L2/3 IT,ALM,Chrm3,6,,,
L2/3 IT,ALM,Chrm4,6,,,
L2/3 IT,ALM,Chrm5,6,,,
L2/3 IT,ALM,Chrna2,6,,,
L2/3 IT,ALM,Chrna4,6,,,
L2/3 IT,ALM,Chrna5,6,,,
L2/3 IT,ALM,Chrna7,6,,,
L2/3 IT,ALM,Chrnb2,6,,,
L2/3 IT,ALM,Adra1a,6,,,
L2/3 IT,ALM,Adra1b,6,,,
L2/3 IT,ALM,Adra2a,6,,,
L2/3 IT,ALM,Adra2c,6,,,
L2/3 IT,ALM,Adrb1,6,,,
L2/3 IT,ALM,Adrb2,6,,,
L2/3 IT,ALM,Hrh1,6,,,
L2/3 IT,ALM,Hrh2,6,,,
L2/3 IT,ALM,Hrh3,6,,,
L2/3 IT,ALM,Adora1,6,,,
L2/3 IT,ALM,Adora2a,6,,,
L2/3 IT,ALM,Cnr1,6,,,
L2/3 IT,ALM,Oprd1,6,,,
L2/3 IT,ALM,Oprk1,6,,,
L2/3 IT,ALM,Oprm1,6,,,
L2/3 IT,ALM,Npy1r,6,,,
L2/3 IT,ALM,Npy2r,6,,,
Lamp5,VISp,Drd1,7,0.1519763516296993,0.14621812009101656,0.9621046723283124
Lamp5,VISp,Drd2,7,0.0038482450780132735,0.0062533671117215766,1.6245697493881455
Lamp5,VISp,Drd4,7,6.902933008963644e-05,0.00016908663600575868,2.4145116880217254
Lamp5,VISp,Drd5,7,0.0008462584963811534,0.0020670524720015466,2.4396951825569517
Lamp5,VISp,Htr1a,7,0.04070422592943281,0.04080420178795319,1.0024315270646564
Lamp5,VISp,Htr1b,7,0.009084786128092104,0.009110879509884708,1.0027618283590254
Lamp5,VISp,Htr1d,7,0.0,0.0,0.0
Lamp5,VISp,Htr1f,7,0.07162944711044175,0.12653020356868863,1.7664304590141808
Lamp5,VISp,Htr2a,7,0.14256790679540463,0.11918854501257531,0.8360065858091932
Lamp5,VISp,Htr2c,7,0.005954335874977244,0.010801669417541968,1.8137800527637313
Lamp5,VISp,Htr3a,7,0.22251686040329838,0.26695392238226,1.1996966081663032
Lamp5,VISp,Htr4,7,0.013789299177375732,0.01611236047647396,1.168383678209664
Lamp5,VISp,Htr6,7,0.007526079985537359,0.009671916697986485,1.2849493716780274
Lamp5,VISp,Htr7,7,0.14277923210515683,0.14563108628104138,1.0199667288240917
Lamp5,VISp,Chrm1,7,0.41382039699154116,0.05449879653683358,0.13169642008131247
Lamp5,VISp,Chrm2,7,8.384930219815745e-05,9.12754816815086e-05,1.0757363857671265
Lamp5,VISp,Chrm3,7,0.09847750897951568,0.06212125888036211,0.6308103110424207
Lamp5,VISp,Chrm4,7,0.016942300316838004,0.014736721519643649,0.8697668839050506
Lamp5,VISp,Chrm5,7,0.0008323137101349866,0.0013330246664099064,1.5996672683976034
Lamp5,VISp,Chrna2,7,1.2727355631129053e-05,1.8403398631027787e-05,1.3406368368059929
Lamp5,VISp,Chrna4,7,0.4065395207460485,0.1836753838346744,0.45180092625849205
Lamp5,VISp,Chrna5,7,0.05171668049570655,0.05119215889722607,0.9898386471813231
Lamp5,VISp,Chrna7,7,0.39646157479568245,0.24812818326035319,0.6258552484764203
Lamp5,VISp,Chrnb2,7,0.13411150828807428,0.02129546902204319,0.15878808989464596
Lamp5,VISp,Adra1a,7,0.4094310546543016,0.14114460486893673,0.3447326687406297
Lamp5,VISp,Adra1b,7,0.27168440590899856,0.15570680528056274,0.5731143517245715
Lamp5,VISp,Adra2a,7,0.02359808243152695,0.021694066284984694,0.9192758382844042
Lamp5,VISp,Adra2c,7,0.047693127939023035,0.03469987604769648,0.7275502781403256
Lamp5,VISp,Adrb1,7,0.05303914149351497,0.029055409784566125,0.5478003822466919
Lamp5,VISp,Adrb2,7,0.005174583857762774,0.005599983016058786,1.08200024769369
Lamp5,VISp,Hrh1,7,0.21283307879218402,0.11018293931433483,0.51769406450139
Lamp5,VISp,Hrh2,7,0.138570195283699,0.09079197112213883,0.655200894646676
Lamp5,VISp,Hrh3,7,0.1838618474542024,0.10538896075999754,0.5731933461231118
Lamp5,VISp,Adora1,7,0.007747160889290034,0.010236552752701297,1.3211590336038148
Lamp5,VISp,Adora2a,7,0.0,0.0,0.0
Lamp5,VISp,Cnr1,7,2.0625670387960477,1.1075403883803778,0.5369715653243933
Lamp5,VISp,Oprd1,7,6.719780929082939e-05,0.00014678622466313674,2.1523598219580227
Lamp5,VISp,Oprk1,7,0.0007932622351164697,0.0019430877082550501,2.4464057616564356
Lamp5,VISp,Oprm1,7,0.23746848172509066,0.2068851481531674,0.8712073090413799
Lamp5,VISp,Npy1r,7,0.225328853512548,0.16833324280697678,0.7470525551005285
Lamp5,VISp,Npy2r,7,0.3197902049866066,0.3774491614436366,1.1802987560569242
Lamp5,ALM,Drd1,7,0.06882494201044961,0.08623265623651646,1.2529092042565004
Lamp5,ALM,Drd2,7,0.016627874227082607,0.01787360734533097,1.0748537213794742
Lamp5,ALM,Drd4,7,0.0005262973629811253,0.0012891599922761016,2.4448443758332377
Lamp5,ALM,Drd5,7,0.0056338171332274015,0.013799977280556652,2.4490550366188315
Lamp5,ALM,Htr1a,7,0.045591243878352956,0.031039456650858766,0.6808056373289447
Lamp5,ALM,Htr1b,7,0.010409928214287144,0.011169585967361038,1.0728712884632872
Lamp5,ALM,Htr1d,7,0.0016879532769371176,0.0026899847172085494,1.592693388230835
Lamp5,ALM,Htr1f,7,0.07134626795542891,0.11627708713756778,1.629734262707954
Lamp5,ALM,Htr2a,7,0.09524534629178227,0.1084568756373284,1.138698541832527
Lamp5,ALM,Htr2c,7,0.04128373754910603,0.04871833628713407,1.1800568243696876
Lamp5,ALM,Htr3a,7,0.4144202902743303,0.3876357947290044,0.9353665070450532
Lamp5,ALM,Htr4,7,0.01197034407394818,0.012333410870001253,1.03024445658036
Lamp5,ALM,Htr6,7,0.005867722901580614,0.00925760153105258,1.5774473742079804
Lamp5,ALM,Htr7,7,0.10782367131514624,0.0719709274475708,0.6674810743194074
Lamp5,ALM,Chrm1,7,0.38722372796999993,0.08635347461960703,0.22300609538112254
Lamp5,ALM,Chrm2,7,4.7525396320013614e-05,6.0127941445611704e-05,1.2391025319830884
Lamp5,ALM,Chrm3,7,0.088467505867479,0.07919431268265228,0.8951695510861352
Lamp5,ALM,Chrm4,7,0.01861508488629298,0.01591068671270283,0.8546741600011647
Lamp5,ALM,Chrm5,7,0.0001340934358542505,0.00025554824482538287,1.8916407241362085
Lamp5,ALM,Chrna2,7,7.379089252038586e-06,1.8075003433950114e-05,2.1571560930148306
Lamp5,ALM,Chrna4,7,0.4342197096161427,0.1852636481954472,0.42665778967388013
Lamp5,ALM,Chrna5,7,0.053448080386510895,0.05237414290299668,0.9798885691626325
Lamp5,ALM,Chrna7,7,0.40409683845180716,0.25791900000458773,0.6382587964160745
Lamp5,ALM,Chrnb2,7,0.12368831418159039,0.01840531806641205,0.14880281444030719
Lamp5,ALM,Adra1a,7,0.47995591381154784,0.18255273904507596,0.38035234787086364
Lamp5,ALM,Adra1b,7,0.262229421853517,0.1613960356182279,0.6154741104309569
Lamp5,ALM,Adra2a,7,0.0448704502025104,0.03520810166184529,0.7846437211845568
Lamp5,ALM,Adra2c,7,0.09632276627838085,0.09457796706148743,0.981875716821039
Lamp5,ALM,Adrb1,7,0.06352368775095371,0.03664159008122918,0.5768086609867527
Lamp5,ALM,Adrb2,7,0.004550251225045911,0.007151838862777235,1.57140059054971
Lamp5,ALM,Hrh1,7,0.14860941259057037,0.10255881627837331,0.690118643038347
Lamp5,ALM,Hrh2,7,0.13851330337525827,0.0702616053321176,0.5072516239840389
Lamp5,ALM,Hrh3,7,0.2482571914376395,0.15731148830138586,0.633660816549134
Lamp5,ALM,Adora1,7,0.025076147143076766,0.0382457804102837,1.525124855394187
Lamp5,ALM,Adora2a,7,1.727269360791e-05,4.230928582281211e-05,2.3154378183464424
Lamp5,ALM,Cnr1,7,2.2754328344749264,1.2337262671692708,0.5421938658365614
Lamp5,ALM,Oprd1,7,2.4174707299914787e-05,5.921569756592689e-05,2.352190111307762
Lamp5,ALM,Oprk1,7,0.0005203663020338357,0.0012440309162245874,2.386097665636725
Lamp5,ALM,Oprm1,7,0.277248308949524,0.21508320213587603,0.7757754309679238
Lamp5,ALM,Npy1r,7,0.35170814288658386,0.2977913349990676,0.8466977359616064
Lamp5,ALM,Npy2r,7,0.10175415150769247,0.12730704890856037,1.251111585234446
Vip,VISp,Drd1,16,0.08743639335782488,0.056864578210401265,0.6503462194680393
Vip,VISp,Drd2,16,0.0037414999746423153,0.005574639945415434,1.4895497617066042
Vip,VISp,Drd4,16,0.013268178167020044,0.019229746922496946,1.4492040637672372
Vip,VISp,Drd5,16,0.003544933007198938,0.0072514088775067825,2.044993197216361
Vip,VISp,Htr1a,16,0.029073156727493936,0.03619472594873245,1.2449106018096463
Vip,VISp,Htr1b,16,0.00022632558901834355,0.0007429198763051998,3.268087325819055
Vip,VISp,Htr1d,16,0.0,0.0,0.0
Vip,VISp,Htr1f,16,0.020234916073986302,0.06755498015325763,3.338370247547181
Vip,VISp,Htr2a,16,0.01736026742384536,0.04804122376812916,2.7671495746989923
Vip,VISp,Htr2c,16,0.33259867213185024,0.26075057281025144,0.7839772394811138
Vip,VISp,Htr3a,16,1.0851895965328413,0.8287047877480952,0.7636490680953076
Vip,VISp,Htr4,16,0.06369705535638631,0.04648669910850186,0.7297977755900383
Vip,VISp,Htr6,16,0.03465292756684453,0.027970635257847744,0.8071418514941697
Vip,VISp,Htr7,16,0.12865778592810678,0.08181640193832053,0.6359177210333595
Vip,VISp,Chrm1,16,0.28350773992160416,0.10693347885929047,0.3771787737085627
Vip,VISp,Chrm2,16,0.005113084936847127,0.009315641031595871,1.8215655677668576
Vip,VISp,Chrm3,16,0.2563824727745053,0.08483952295156265,0.33090870497015545
Vip,VISp,Chrm4,16,0.014033929298319748,0.012615936785123011,0.8988956422198281
Vip,VISp,Chrm5,16,0.001764279042564603,0.0025761515503725627,1.459345229992603
Vip,VISp,Chrna2,16,0.00015790037698296613,0.00044429506470535147,2.7960604823044517
Vip,VISp,Chrna4,16,0.4023092816199122,0.16957628043838227,0.4215062059949829
Vip,VISp,Chrna5,16,0.20145306317964323,0.1624878918166874,0.8065754011215529
Vip,VISp,Chrna7,16,0.12261044652185785,0.07719886585525375,0.6296220136469197
Vip,VISp,Chrnb2,16,0.12714810379346705,0.0223940906481247,0.17612464405962502
Vip,VISp,Adra1a,16,0.19700202960093413,0.15067625713342558,0.7648423348546876
Vip,VISp,Adra1b,16,0.7677009317694472,0.4506606301540115,0.5870255257991872
Vip,VISp,Adra2a,16,0.05515772557900289,0.060184575763821406,1.091116140412274
Vip,VISp,Adra2c,16,0.07443978536076205,0.06906082614427371,0.927728338834478
Vip,VISp,Adrb1,16,0.11744048517475188,0.04971477730500876,0.42331529809107593
Vip,VISp,Adrb2,16,0.0011996150593318934,0.0020925056731797217,1.742861424996734
Vip,VISp,Hrh1,16,0.06220507707068452,0.0626738386772437,1.0075195483879762
Vip,VISp,Hrh2,16,0.2580397850868811,0.13178193186072948,0.510701948982054
Vip,VISp,Hrh3,16,0.1504944184791872,0.08576831157756888,0.569906462564043
Vip,VISp,Adora1,16,0.005092342606400536,0.005425252896950588,1.065165514319213
Vip,VISp,Adora2a,16,0.0,0.0,0.0
Vip,VISp,Cnr1,16,2.2642454378549344,0.541883176753973,0.23932164259793806
Vip,VISp,Oprd1,16,0.0005608554192343087,0.001539772637014549,2.7405139904371425
Vip,VISp,Oprk1,16,0.0032995454844047542,0.005170452530042272,1.566544849774961
Vip,VISp,Oprm1,16,0.23576692755722026,0.23472286480539392,0.9955674091779396
Vip,VISp,Npy1r,16,1.0035458648623905,0.24766556639801837,0.24679023478587528
Vip,VISp,Npy2r,16,0.6665451576611368,0.5648140658118304,0.8473742730641834
Vip,ALM,Drd1,16,0.03338354054083853,0.034817530052230386,1.0429237451879534
Vip,ALM,Drd2,16,0.015325847227318775,0.025208976343365993,1.6447594191735129
Vip,ALM,Drd4,16,0.013998736733699009,0.019106942114028035,1.36480724441306
Vip,ALM,Drd5,16,0.0005237311084157729,0.0019851927523168,3.7832572158916564
Vip,ALM,Htr1a,16,0.016794160999255923,0.025489070943824736,1.517643739464836
Vip,ALM,Htr1b,16,0.0016700352305930523,0.003968937174193581,2.3751367425000374
Vip,ALM,Htr1d,16,0.0002526548678760907,0.0009785280956223345,3.8577146333353283
Vip,ALM,Htr1f,16,0.03249996816189001,0.08982227300155657,2.7636799172918294
Vip,ALM,Htr2a,16,0.012503692021124177,0.038643961293080224,3.090356901857237
Vip,ALM,Htr2c,16,0.3990769838919062,0.2662371946881429,0.6671307499645373
Vip,ALM,Htr3a,16,1.2098232844542633,0.8530301415826189,0.7050859802896172
Vip,ALM,Htr4,16,0.057832721397132116,0.0402805633567014,0.6964892174256463
Vip,ALM,Htr6,16,0.0339060531917193,0.027953211908248506,0.8244069972755749
Vip,ALM,Htr7,16,0.1197937652713031,0.06810926641428537,0.5685496044842703
Vip,ALM,Chrm1,16,0.22286039881508574,0.08339716637313366,0.37421090784021593
Vip,ALM,Chrm2,16,0.008362841774132683,0.017807622355059494,2.1291199470241198
Vip,ALM,Chrm3,16,0.27097299998712987,0.08860467569230174,0.3269858942057544
Vip,ALM,Chrm4,16,0.028431812456834016,0.03665480595681428,1.2891727124238126
Vip,ALM,Chrm5,16,0.008105237057158056,0.020304127649243903,2.5047537477718764
Vip,ALM,Chrna2,16,0.0008679714108330038,0.0028173863796103183,3.2422083678328915
Vip,ALM,Chrna4,16,0.48084948186715076,0.2098215180021723,0.4363550124509218
Vip,ALM,Chrna5,16,0.2523429868214087,0.19130124808066107,0.7580971137467628
Vip,ALM,Chrna7,16,0.08524430923510341,0.04283650992735395,0.5025087047219506
Vip,ALM,Chrnb2,16,0.1425937460318784,0.02591999987720378,0.18177387735877112
Vip,ALM,Adra1a,16,0.19483777877633282,0.15856462135097577,0.8138247547373598
Vip,ALM,Adra1b,16,0.7109828598912584,0.4146338559210033,0.5831832187926455
Vip,ALM,Adra2a,16,0.08953720524229197,0.08040153609754629,0.8979578703859241
Vip,ALM,Adra2c,16,0.09972068619571414,0.08412984268394359,0.8436464112613384
Vip,ALM,Adrb1,16,0.1506930998276865,0.07399324546145514,0.4910162079740604
Vip,ALM,Adrb2,16,0.001462320673256767,0.0056635436143382765,3.8703366376513304
Vip,ALM,Hrh1,16,0.03777208249180655,0.038660632502023624,1.0234968912163733
Vip,ALM,Hrh2,16,0.2642728590765859,0.14698648062600234,0.5561900111482689
Vip,ALM,Hrh3,16,0.24254015530808376,0.14411600451714016,0.5941919602637303
Vip,ALM,Adora1,16,0.021416056207808086,0.020063690879368046,0.9368089939481673
Vip,ALM,Adora2a,16,0.00041249723426839825,0.0015884774031457308,3.841567177483612
Vip,ALM,Cnr1,16,2.4095263879344264,0.5126897818449373,0.21277607567865908
Vip,ALM,Oprd1,16,2.809903985283327e-05,6.606689977738406e-05,2.270415110309949
Vip,ALM,Oprk1,16,0.012459047780537861,0.019475291953342768,1.5630190426526664
Vip,ALM,Oprm1,16,0.2524195370154887,0.2204974888845436,0.8735322866023922
Vip,ALM,Npy1r,16,0.9738369505867825,0.27202350149811416,0.27933138294128645
Vip,ALM,Npy2r,16,0.5408151848657065,0.4610793454983932,0.8525620319829865
Sncg,VISp,Drd1,4,,,
Sncg,VISp,Drd2,4,,,
Sncg,VISp,Drd4,4,,,
Sncg,VISp,Drd5,4,,,
Sncg,VISp,Htr1a,4,,,
Sncg,VISp,Htr1b,4,,,
Sncg,VISp,Htr1d,4,,,
Sncg,VISp,Htr1f,4,,,
Sncg,VISp,Htr2a,4,,,
Sncg,VISp,Htr2c,4,,,
Sncg,VISp,Htr3a,4,,,
Sncg,VISp,Htr4,4,,,
Sncg,VISp,Htr6,4,,,
Sncg,VISp,Htr7,4,,,
Sncg,VISp,Chrm1,4,,,
Sncg,VISp,Chrm2,4,,,
Sncg,VISp,Chrm3,4,,,
Sncg,VISp,Chrm4,4,,,
Sncg,VISp,Chrm5,4,,,
Sncg,VISp,Chrna2,4,,,
Sncg,VISp,Chrna4,4,,,
Sncg,VISp,Chrna5,4,,,
Sncg,VISp,Chrna7,4,,,
Sncg,VISp,Chrnb2,4,,,
Sncg,VISp,Adra1a,4,,,
Sncg,VISp,Adra1b,4,,,
Sncg,VISp,Adra2a,4,,,
Sncg,VISp,Adra2c,4,,,
Sncg,VISp,Adrb1,4,,,
Sncg,VISp,Adrb2,4,,,
Sncg,VISp,Hrh1,4,,,
Sncg,VISp,Hrh2,4,,,
Sncg,VISp,Hrh3,4,,,
Sncg,VISp,Adora1,4,,,
Sncg,VISp,Adora2a,4,,,
Sncg,VISp,Cnr1,4,,,
Sncg,VISp,Oprd1,4,,,
Sncg,VISp,Oprk1,4,,,
Sncg,VISp,Oprm1,4,,,
Sncg,VISp,Npy1r,4,,,
Sncg,VISp,Npy2r,4,,,
Sncg,ALM,Drd1,4,0.017332307802813342,0.018198757826323936,1.0499298825911418
Sncg,ALM,Drd2,4,0.09735588982312827,0.02973275694272179,0.3053996178055641
Sncg,ALM,Drd4,4,0.006885887754745811,0.006262854645835562,0.9093882271450957
Sncg,ALM,Drd5,4,5.037730582200343e-05,8.725605323214534e-05,1.6983384363213547
Sncg,ALM,Htr1a,4,0.006168525246937939,0.006246062178036404,1.012405643551982
Sncg,ALM,Htr1b,4,0.0,0.0,0.0
Sncg,ALM,Htr1d,4,0.0,0.0,0.0
Sncg,ALM,Htr1f,4,0.0013758881211914363,0.0023831081314340525,1.7307928616392763
Sncg,ALM,Htr2a,4,0.02533565239665759,0.01695238501869982,0.6690854321755694
Sncg,ALM,Htr2c,4,0.3346092343374987,0.19264996859945166,0.5757443999908822
Sncg,ALM,Htr3a,4,1.9900500884779002,0.9733923612956575,0.4891293328756506
Sncg,ALM,Htr4,4,0.0031439087266839196,0.004406831635200315,1.4012589929269592
Sncg,ALM,Htr6,4,0.04314484278900069,0.0376546642496157,0.8727298348014917
Sncg,ALM,Htr7,4,0.3343804797249753,0.07389590518477487,0.22099281708291188
Sncg,ALM,Chrm1,4,0.1791262219875955,0.11474036927111886,0.6405523850476763
Sncg,ALM,Chrm2,4,0.012779269401115116,0.01634558501838621,1.2789703022191385
Sncg,ALM,Chrm3,4,0.15298805309831343,0.0468345607305425,0.30613014318381193
Sncg,ALM,Chrm4,4,0.00688819890019043,0.00593168396118091,0.8610121506314685
Sncg,ALM,Chrm5,4,3.918319229591664e-05,6.786727985926903e-05,1.6889469447693835
Sncg,ALM,Chrna2,4,6.759842685223676e-05,0.00011708390981980236,1.7068016745049404
Sncg,ALM,Chrna4,4,0.4946943050865878,0.2928864598865678,0.5920542541540861
Sncg,ALM,Chrna5,4,0.32423956756483213,0.18915475668165496,0.58337782376301
Sncg,ALM,Chrna7,4,0.29795920965831507,0.13736331411486907,0.4610122750027261
Sncg,ALM,Chrnb2,4,0.142501618107951,0.010247401001768549,0.07191026479250903
Sncg,ALM,Adra1a,4,0.13894860962166794,0.07529708112969997,0.5419020703600312
Sncg,ALM,Adra1b,4,0.45252457387485756,0.3815412566036164,0.8431374459935577
Sncg,ALM,Adra2a,4,0.07406183996958146,0.04501133162366071,0.6077451477981053
Sncg,ALM,Adra2c,4,0.1483772916927792,0.04453280782509893,0.3001302098645614
Sncg,ALM,Adrb1,4,0.07326813312829009,0.018624293842822204,0.25419017596689897
Sncg,ALM,Adrb2,4,0.0014849652895970646,0.0025720353290583473,1.7308852010640048
Sncg,ALM,Hrh1,4,0.08025218979418229,0.09168942002711591,1.1425018776482658
Sncg,ALM,Hrh2,4,0.3239258315194593,0.05587368643102181,0.17248860234557414
Sncg,ALM,Hrh3,4,0.2015275144893494,0.053682659579449316,0.26637748864211663
Sncg,ALM,Adora1,4,0.012865095551698527,0.004793370860852592,0.372558313560775
Sncg,ALM,Adora2a,4,0.009249502602195432,0.012906129864891376,1.3951814749858402
Sncg,ALM,Cnr1,4,3.9947086007159998,0.1635504067588519,0.04094175124257784
Sncg,ALM,Oprd1,4,0.0,0.0,0.0
Sncg,ALM,Oprk1,4,0.0,0.0,0.0
Sncg,ALM,Oprm1,4,0.07967990825735373,0.04004374809725905,0.5025513510454171
Sncg,ALM,Npy1r,4,0.7339527787183087,0.10071784845895901,0.13722641858298068
Sncg,ALM,Npy2r,4,0.7715175566464264,0.7008612377095518,0.9084178619837712
Serpinf1,VISp,Drd1,2,,,
Serpinf1,VISp,Drd2,2,,,
Serpinf1,VISp,Drd4,2,,,
Serpinf1,VISp,Drd5,2,,,
Serpinf1,VISp,Htr1a,2,,,
Serpinf1,VISp,Htr1b,2,,,
Serpinf1,VISp,Htr1d,2,,,
Serpinf1,VISp,Htr1f,2,,,
Serpinf1,VISp,Htr2a,2,,,
Serpinf1,VISp,Htr2c,2,,,
Serpinf1,VISp,Htr3a,2,,,
Serpinf1,VISp,Htr4,2,,,
Serpinf1,VISp,Htr6,2,,,
Serpinf1,VISp,Htr7,2,,,
Serpinf1,VISp,Chrm1,2,,,
Serpinf1,VISp,Chrm2,2,,,
Serpinf1,VISp,Chrm3,2,,,
Serpinf1,VISp,Chrm4,2,,,
Serpinf1,VISp,Chrm5,2,,,
Serpinf1,VISp,Chrna2,2,,,
Serpinf1,VISp,Chrna4,2,,,
Serpinf1,VISp,Chrna5,2,,,
Serpinf1,VISp,Chrna7,2,,,
Serpinf1,VISp,Chrnb2,2,,,
Serpinf1,VISp,Adra1a,2,,,
Serpinf1,VISp,Adra1b,2,,,
Serpinf1,VISp,Adra2a,2,,,
Serpinf1,VISp,Adra2c,2,,,
Serpinf1,VISp,Adrb1,2,,,
Serpinf1,VISp,Adrb2,2,,,
Serpinf1,VISp,Hrh1,2,,,
Serpinf1,VISp,Hrh2,2,,,
Serpinf1,VISp,Hrh3,2,,,
Serpinf1,VISp,Adora1,2,,,
Serpinf1,VISp,Adora2a,2,,,
Serpinf1,VISp,Cnr1,2,,,
Serpinf1,VISp,Oprd1,2,,,
Serpinf1,VISp,Oprk1,2,,,
Serpinf1,VISp,Oprm1,2,,,
Serpinf1,VISp,Npy1r,2,,,
Serpinf1,VISp,Npy2r,2,,,
Serpinf1,ALM,Drd1,2,0.15821120593583168,0.09206997243717105,0.5819397554858261
Serpinf1,ALM,Drd2,2,0.05943692387255951,0.024887225879659868,0.4187095419587739
Serpinf1,ALM,Drd4,2,0.006802258758594196,0.006802258758594196,0.9998530116175962
Serpinf1,ALM,Drd5,2,0.0,0.0,0.0
Serpinf1,ALM,Htr1a,2,0.11389879962844128,0.109903883528905,0.9649172684010721
Serpinf1,ALM,Htr1b,2,0.0,0.0,0.0
Serpinf1,ALM,Htr1d,2,0.0,0.0,0.0
Serpinf1,ALM,Htr1f,2,0.4024575895800628,0.10035523544282837,0.24935543194031964
Serpinf1,ALM,Htr2a,2,0.1916878969776373,0.10478565817335019,0.5466443796459146
Serpinf1,ALM,Htr2c,2,0.2790457826784145,0.08277997425510429,0.2966526740088005
Serpinf1,ALM,Htr3a,2,0.9189078873099508,0.006792842259533083,0.0073922913940017605
Serpinf1,ALM,Htr4,2,0.022806917463588035,0.022806917463588035,0.9999561555761679
Serpinf1,ALM,Htr6,2,0.010888023210196617,0.009643069695682824,0.8855771091251724
Serpinf1,ALM,Htr7,2,0.09140966190783117,0.016281106450691765,0.17810949085028951
Serpinf1,ALM,Chrm1,2,0.20709006477559055,0.08195523430817044,0.3957449076664864
Serpinf1,ALM,Chrm2,2,0.0,0.0,0.0
Serpinf1,ALM,Chrm3,2,0.18159722129457573,0.0169772142983204,0.09348777855473138
Serpinf1,ALM,Chrm4,2,0.011802469567826893,0.011802469567826893,0.9999152791478596
Serpinf1,ALM,Chrm5,2,0.0,0.0,0.0
Serpinf1,ALM,Chrna2,2,0.01132949723552354,0.01132949723552354,0.9999117426200093
Serpinf1,ALM,Chrna4,2,0.3129373927514197,0.16556742525244955,0.5290735463831913
Serpinf1,ALM,Chrna5,2,0.2588158143472042,0.22855208949275327,0.8830650746908174
Serpinf1,ALM,Chrna7,2,0.16172961442963762,0.0473678560133082,0.2928811974180437
Serpinf1,ALM,Chrnb2,2,0.1851077018633664,0.04903274498652156,0.26488622356994285
Serpinf1,ALM,Adra1a,2,0.20474355775277003,0.0945889623734471,0.46198523375485123
Serpinf1,ALM,Adra1b,2,0.3885760523986788,0.2840671622928414,0.731044616606411
Serpinf1,ALM,Adra2a,2,0.11910323094854991,0.040172182648168964,0.3372859412989481
Serpinf1,ALM,Adra2c,2,0.06709874306524143,0.008553343970440275,0.12747208230177295
Serpinf1,ALM,Adrb1,2,0.02581794317183629,0.02581794317183629,0.9999612687477816
Serpinf1,ALM,Adrb2,2,0.0,0.0,0.0
Serpinf1,ALM,Hrh1,2,0.05399121860944701,0.05399121860944701,0.9999814788125816
Serpinf1,ALM,Hrh2,2,0.30324686049105487,0.0692267827517356,0.22828448860161915
Serpinf1,ALM,Hrh3,2,0.22360228266693902,0.012182361905365757,0.05448203514754118
Serpinf1,ALM,Adora1,2,0.0847063521188561,0.044544463773124855,0.5258630173048359
Serpinf1,ALM,Adora2a,2,0.0,0.0,0.0
Serpinf1,ALM,Cnr1,2,3.2439138959786638,0.2707439276408927,0.0834620932801048
Serpinf1,ALM,Oprd1,2,0.0,0.0,0.0
Serpinf1,ALM,Oprk1,2,0.01742543967675945,0.000181042943624473,0.010388980594006164
Serpinf1,ALM,Oprm1,2,0.1032717436732049,0.04231059531267327,0.4096976008167309
Serpinf1,ALM,Npy1r,2,0.4158634637090092,0.14779702022017036,0.35539708996051095
Serpinf1,ALM,Npy2r,2,0.0,0.0,0.0
