table_name,voxel_resolution_nm,table_metadata_url
synapses_pni_2,4.0x4.0x40.0,https://global.daf-apis.com/materialize/api/v3/datastack/minnie65_public/table/synapses_pni_2/metadata
nucleus_detection_v0,4.0x4.0x40.0,https://global.daf-apis.com/materialize/api/v3/datastack/minnie65_public/table/nucleus_detection_v0/metadata
vortex_manual_nodes_of_ranvier,4.0x4.0x40.0,https://global.daf-apis.com/materialize/api/v3/datastack/minnie65_public/table/vortex_manual_nodes_of_ranvier/metadata
bodor_pt_target_proofread,4.0x4.0x40.0,https://global.daf-apis.com/materialize/api/v3/datastack/minnie65_public/table/bodor_pt_target_proofread/metadata
baylor_gnn_cell_type_fine_model_v2,4.0x4.0x40.0,https://global.daf-apis.com/materialize/api/v3/datastack/minnie65_public/table/baylor_gnn_cell_type_fine_model_v2/metadata
nucleus_alternative_points,4.0x4.0x40.0,https://global.daf-apis.com/materialize/api/v3/datastack/minnie65_public/table/nucleus_alternative_points/metadata
nucleus_functional_area_assignment,4.0x4.0x40.0,https://global.daf-apis.com/materialize/api/v3/datastack/minnie65_public/table/nucleus_functional_area_assignment/metadata
coregistration_auto_phase3_fwd_apl_vess_combined_v2,4.0x4.0x40.0,https://global.daf-apis.com/materialize/api/v3/datastack/minnie65_public/table/coregistration_auto_phase3_fwd_apl_vess_combined_v2/metadata
aibs_metamodel_mtypes_v661_v2_corrections,4.0x4.0x40.0,https://global.daf-apis.com/materialize/api/v3/datastack/minnie65_public/table/aibs_metamodel_mtypes_v661_v2_corrections/metadata
vortex_thalamic_proofreading_status,4.0x4.0x40.0,https://global.daf-apis.com/materialize/api/v3/datastack/minnie65_public/table/vortex_thalamic_proofreading_status/metadata
allen_column_mtypes_v2,4.0x4.0x40.0,https://global.daf-apis.com/materialize/api/v3/datastack/minnie65_public/table/allen_column_mtypes_v2/metadata
proofreading_status_and_strategy,4.0x4.0x40.0,https://global.daf-apis.com/materialize/api/v3/datastack/minnie65_public/table/proofreading_status_and_strategy/metadata
bodor_pt_cells,4.0x4.0x40.0,https://global.daf-apis.com/materialize/api/v3/datastack/minnie65_public/table/bodor_pt_cells/metadata
aibs_metamodel_mtypes_v661_v2,4.0x4.0x40.0,https://global.daf-apis.com/materialize/api/v3/datastack/minnie65_public/table/aibs_metamodel_mtypes_v661_v2/metadata
aibs_metamodel_celltypes_v661_corrections,4.0x4.0x40.0,https://global.daf-apis.com/materialize/api/v3/datastack/minnie65_public/table/aibs_metamodel_celltypes_v661_corrections/metadata
vortex_microglia_proofreading_status,4.0x4.0x40.0,https://global.daf-apis.com/materialize/api/v3/datastack/minnie65_public/table/vortex_microglia_proofreading_status/metadata
allen_v1_column_types_slanted_ref,4.0x4.0x40.0,https://global.daf-apis.com/materialize/api/v3/datastack/minnie65_public/table/allen_v1_column_types_slanted_ref/metadata
multi_input_spine_predictions_ssa,4.0x4.0x40.0,https://global.daf-apis.com/materialize/api/v3/datastack/minnie65_public/table/multi_input_spine_predictions_ssa/metadata
aibs_column_nonneuronal_ref,4.0x4.0x40.0,https://global.daf-apis.com/materialize/api/v3/datastack/minnie65_public/table/aibs_column_nonneuronal_ref/metadata
nucleus_ref_neuron_svm,4.0x4.0x40.0,https://global.daf-apis.com/materialize/api/v3/datastack/minnie65_public/table/nucleus_ref_neuron_svm/metadata
synapse_target_structure,4.0x4.0x40.0,https://global.daf-apis.com/materialize/api/v3/datastack/minnie65_public/table/synapse_target_structure/metadata
myelin_auto_tags_2points,1.0x1.0x1.0,https://global.daf-apis.com/materialize/api/v3/datastack/minnie65_public/table/myelin_auto_tags_2points/metadata
apl_functional_coreg_vess_fwd,4.0x4.0x40.0,https://global.daf-apis.com/materialize/api/v3/datastack/minnie65_public/table/apl_functional_coreg_vess_fwd/metadata
vortex_axon_backtrace_column,1.0x1.0x1.0,https://global.daf-apis.com/materialize/api/v3/datastack/minnie65_public/table/vortex_axon_backtrace_column/metadata
cell_type_multifeature_combo,1.0x1.0x1.0,https://global.daf-apis.com/materialize/api/v3/datastack/minnie65_public/table/cell_type_multifeature_combo/metadata
vortex_compartment_targets,8.0x8.0x40.0,https://global.daf-apis.com/materialize/api/v3/datastack/minnie65_public/table/vortex_compartment_targets/metadata
baylor_log_reg_cell_type_coarse_v1,4.0x4.0x40.0,https://global.daf-apis.com/materialize/api/v3/datastack/minnie65_public/table/baylor_log_reg_cell_type_coarse_v1/metadata
vortex_synapse_reattachment,1.0x1.0x1.0,https://global.daf-apis.com/materialize/api/v3/datastack/minnie65_public/table/vortex_synapse_reattachment/metadata
coregistration_auto_phase3_fwd_v2,4.0x4.0x40.0,https://global.daf-apis.com/materialize/api/v3/datastack/minnie65_public/table/coregistration_auto_phase3_fwd_v2/metadata
synapse_target_predictions_ssa_v2,4.0x4.0x40.0,https://global.daf-apis.com/materialize/api/v3/datastack/minnie65_public/table/synapse_target_predictions_ssa_v2/metadata
gamlin_2023_mcs,4.0x4.0x40.0,https://global.daf-apis.com/materialize/api/v3/datastack/minnie65_public/table/gamlin_2023_mcs/metadata
l5et_column,4.0x4.0x40.0,https://global.daf-apis.com/materialize/api/v3/datastack/minnie65_public/table/l5et_column/metadata
pt_synapse_targets,4.0x4.0x40.0,https://global.daf-apis.com/materialize/api/v3/datastack/minnie65_public/table/pt_synapse_targets/metadata
vortex_peptidergic_proofreading_status,4.0x4.0x40.0,https://global.daf-apis.com/materialize/api/v3/datastack/minnie65_public/table/vortex_peptidergic_proofreading_status/metadata
coregistration_manual_v4,4.0x4.0x40.0,https://global.daf-apis.com/materialize/api/v3/datastack/minnie65_public/table/coregistration_manual_v4/metadata
cg_cell_type_calls,4.0x4.0x40.0,https://global.daf-apis.com/materialize/api/v3/datastack/minnie65_public/table/cg_cell_type_calls/metadata
digital_twin_properties_bcm_coreg_v4,4.0x4.0x40.0,https://global.daf-apis.com/materialize/api/v3/datastack/minnie65_public/table/digital_twin_properties_bcm_coreg_v4/metadata
synapse_spine_mapping_v2,4.0x4.0x40.0,https://global.daf-apis.com/materialize/api/v3/datastack/minnie65_public/table/synapse_spine_mapping_v2/metadata
vortex_astrocyte_proofreading_status,4.0x4.0x40.0,https://global.daf-apis.com/materialize/api/v3/datastack/minnie65_public/table/vortex_astrocyte_proofreading_status/metadata
digital_twin_properties_bcm_coreg_auto_phase3_fwd_v2,4.0x4.0x40.0,https://global.daf-apis.com/materialize/api/v3/datastack/minnie65_public/table/digital_twin_properties_bcm_coreg_auto_phase3_fwd_v2/metadata
digital_twin_properties_bcm_coreg_apl_vess_fwd,4.0x4.0x40.0,https://global.daf-apis.com/materialize/api/v3/datastack/minnie65_public/table/digital_twin_properties_bcm_coreg_apl_vess_fwd/metadata
gamlin_2023_mcs_met_types,4.0x4.0x40.0,https://global.daf-apis.com/materialize/api/v3/datastack/minnie65_public/table/gamlin_2023_mcs_met_types/metadata
vortex_manual_myelination_v0,4.0x4.0x40.0,https://global.daf-apis.com/materialize/api/v3/datastack/minnie65_public/table/vortex_manual_myelination_v0/metadata
synapse_target_predictions_ssa,4.0x4.0x40.0,https://global.daf-apis.com/materialize/api/v3/datastack/minnie65_public/table/synapse_target_predictions_ssa/metadata
aibs_metamodel_celltypes_v661,4.0x4.0x40.0,https://global.daf-apis.com/materialize/api/v3/datastack/minnie65_public/table/aibs_metamodel_celltypes_v661/metadata
