roi_a_idx,roi_b_idx,dist_um,noise_corr,signal_corr,total_corr,cx_a,cy_a,cx_b,cy_b
775,777,38.6701273045434,0.81468046,0.9517259,0.30098507,539.63403,179.83618,542.88245,218.36963
633,892,24.432885543171018,0.80318,0.4977194,0.17345698,380.6167,24.1138,403.09595,14.540436
564,606,46.53312848529453,0.758309,0.4858351,0.25138074,308.39404,161.79446,332.23108,121.83038
633,1099,10.893447042401007,0.7499107,0.65161157,0.12606184,380.6167,24.1138,381.7832,13.2829895
653,654,19.828129731640654,0.7486033,0.6881474,0.12219486,385.85272,317.75507,366.1062,319.5522
219,1209,34.8930037080961,0.73824835,0.7643685,0.27736303,-140.3287,84.239685,-163.38535,110.42963
875,981,38.19373250367919,0.73668915,0.43023443,0.00836222,233.59467,53.43637,196.68225,63.246307
593,1056,13.887544994346811,0.7306926,0.3160158,0.1922955,347.06238,-56.197754,360.94904,-56.04077
533,875,39.17243385724646,0.72672826,0.38087666,0.18842691,269.9652,67.985016,233.59467,53.43637
892,947,41.14351405676867,0.7117772,0.7547559,0.09903191,403.09595,14.540436,425.21027,49.235474
147,1128,42.47152721289301,0.70300186,0.046545196,0.16573873,-194.1257,-170.75537,-236.5233,-173.26022
223,1209,47.35200819236643,0.6958243,0.25017777,0.30877712,-155.28821,157.0842,-163.38535,110.42963
759,905,46.684652273758296,0.6942529,0.26334956,0.22561216,549.67896,-181.72203,524.86975,-142.1751
858,1064,40.525692204708186,0.69336075,-0.2945409,0.1144298,432.1621,357.2033,471.98022,349.66345
892,1099,21.349806415366448,0.69296336,0.49241993,0.14677115,403.09595,14.540436,381.7832,13.2829895
703,739,25.716220980868414,0.6869096,0.35162908,0.23660971,450.1574,122.39783,475.69244,125.44513
1,2,19.033691805648974,0.6763008,0.83067966,0.5731815,-458.73502,-81.56271,-473.34583,-93.76131
393,433,24.426202548853603,0.6739103,0.27789688,0.065267675,110.24286,-7.8925934,128.50934,-24.1091
332,1038,15.189352473415711,0.6710318,0.14711715,0.2187547,5.386505,-123.990105,2.5196838,-138.90646
974,1172,36.447088216336994,0.67039067,0.108820304,0.22227302,225.89746,-189.01924,221.52948,-152.83484
0,15,45.64280836637052,0.66619927,0.24344999,0.1527646,-468.5371,-177.87436,-443.10037,-139.97662
722,858,17.91633040691104,0.65633047,0.60841197,0.15869965,438.01184,340.26886,432.1621,357.2033
521,552,38.25936487331909,0.6561877,0.64762473,0.08979073,246.48523,-126.28032,278.51562,-105.355865
558,827,33.19566591663197,0.6559758,0.6492151,0.20169589,308.48376,2.2590332,320.16748,-28.812546
939,991,46.87293959772837,0.65461415,0.5510961,0.18732059,217.97333,-112.978584,264.58197,-108.00798
450,1000,46.86357982915905,0.6544029,0.44143826,0.35352635,128.14355,317.17627,84.46741,300.18835
560,938,29.853339218767104,0.65292645,0.3643009,0.35529032,280.0559,35.500854,280.86035,65.34335
64,1214,36.61559268670082,0.65219384,0.6375917,0.305637,-327.12823,77.708374,-297.57764,56.087463
504,505,28.89162482460095,0.6515305,0.93282264,0.27168366,225.27557,118.08423,222.23517,146.81543
781,789,32.94048702524264,0.6503659,0.78765756,0.64925456,597.34985,-127.81422,601.2544,-95.10596
108,1226,11.211855640804078,0.6502544,0.5666994,0.6153369,-277.4734,316.35095,-271.56808,325.8816
596,827,32.24683483804433,0.6502453,0.785019,0.3110618,349.5044,-15.425842,320.16748,-28.812546
781,787,29.07600187726859,0.64970446,0.38253602,0.417762,597.34985,-127.81422,606.8198,-155.30482
110,988,20.237366335757034,0.64751375,-0.34998184,0.36697865,-254.7801,-223.94621,-235.04387,-228.42192
174,204,45.59581198681624,0.6469218,0.52762705,0.73154056,-187.1417,-228.2313,-141.54651,-228.47054
793,1256,44.4481746896011,0.64470613,0.40314564,0.48021987,564.1245,371.002,519.71985,369.03577
174,988,47.90255520665634,0.6432011,0.18727504,0.63017356,-187.1417,-228.2313,-235.04387,-228.42192
625,661,21.23829342256516,0.6430024,0.55132574,0.152718,377.20245,-128.54288,398.30267,-126.12506
791,972,10.224736711543507,0.64163935,0.12686947,0.13414763,573.9806,130.34473,576.2637,140.31131
503,875,38.47057707416047,0.64126074,-0.03139736,0.12014355,204.98877,79.15967,233.59467,53.43637
179,943,42.368430240851076,0.63945246,0.22510368,0.050250504,-185.02316,-44.957657,-217.185,-72.53845
357,1012,27.030446940290766,0.63720447,0.23672515,0.20000356,62.35205,-203.71783,40.666748,-219.85452
732,1107,27.247278237937216,0.63200307,0.44403782,0.19751337,493.35754,3.057022,519.6105,-4.236664
526,527,8.160773644837937,0.62582177,0.8300666,0.15516873,259.3415,-58.605408,257.64734,-50.62242
473,507,31.582860972514087,0.61927366,0.90675026,0.127753,200.66077,167.96432,217.5473,194.65369
68,69,24.660649722972746,0.61892384,0.83858496,0.2590557,-322.9091,160.85986,-321.5302,185.48193
110,112,16.86509918356537,0.6174069,-0.23886508,0.2590926,-254.7801,-223.94621,-239.53818,-216.72713
296,1065,20.247185050653233,0.6166663,0.41459164,0.44635856,-20.091125,-211.96991,-38.15335,-221.11893
787,1288,49.97020340931348,0.6154855,0.56488764,0.18894243,606.8198,-155.30482,604.3855,-205.2157
575,576,17.74965745428419,0.61544317,0.22562326,0.4196846,306.088,272.03833,289.42908,265.91214
1138,1199,20.986662565688885,0.6150563,0.20988142,0.105469316,200.3504,274.4725,207.56781,294.17908
409,448,26.712548945440226,0.6115374,0.70325494,0.060911797,112.688965,271.21036,139.38708,270.3325
606,642,31.747930926061628,0.61122525,-0.028969005,0.2903251,332.23108,121.83038,362.64,112.70746
446,933,38.76761007901017,0.61035734,0.22417192,0.49124634,141.90466,230.15814,110.25183,207.77454
190,1209,37.13818836465408,0.6091906,0.35371092,0.18810895,-171.68683,146.62811,-163.38535,110.42963
297,329,42.82012425050358,0.6090422,0.42374057,0.12034852,-22.987396,-152.21664,14.739838,-131.96278
641,642,20.43937180646913,0.6089624,0.103278786,0.3241339,376.8432,127.40567,362.64,112.70746
723,1260,29.721464405499066,0.60861623,0.7600771,0.43465212,494.49573,-209.92989,523.95044,-213.90297
939,1172,40.014587945514904,0.6073423,0.2183363,0.050213825,217.97333,-112.978584,221.52948,-152.83484
798,951,43.50590213319709,0.60618323,0.8795684,0.22801407,76.67676,289.43964,99.66406,252.50256
1056,1155,39.984904822017015,0.6059827,-0.24399792,0.16763476,360.94904,-56.04077,321.46753,-49.715958
222,223,9.552717080741145,0.6050456,0.45436388,0.05629353,-145.87091,155.48141,-155.28821,157.0842
533,938,11.210820299958154,0.6047492,-0.64946985,0.21505842,269.9652,67.985016,280.86035,65.34335
503,981,17.95085780535974,0.60416937,-0.18645217,0.14601962,204.98877,79.15967,196.68225,63.246307
725,759,46.226633567337984,0.60287935,0.4727432,0.27117026,508.98615,-159.79039,549.67896,-181.72203
823,901,37.307366605892256,0.6016058,0.5005514,0.03866076,81.9834,-153.18292,84.272705,-190.41998
1026,1209,39.59938283140525,0.60144037,0.25517163,0.3403271,-128.40723,128.99417,-163.38535,110.42963
468,503,23.73421349197394,0.6011066,0.56489134,0.3709202,181.59851,75.13367,204.98877,79.15967
760,905,20.05730189255723,0.5989983,0.57489717,0.2089314,532.114,-123.471725,524.86975,-142.1751
753,755,18.21824153947619,0.5953607,0.16234966,0.10322132,548.7611,-227.89069,563.8884,-217.73842
64,65,23.206893361382978,0.5929334,0.16633455,0.32659772,-327.12823,77.708374,-343.94153,93.70441
505,535,46.77761149404469,0.5924144,0.56623375,0.038473964,222.23517,146.81543,268.49536,153.7537
297,327,41.769251884854924,0.5923572,0.33780256,0.17298561,-22.987396,-152.21664,18.774902,-152.97876
683,1102,14.086441301217409,0.5902724,0.7327916,0.22030702,454.70038,-171.96155,444.4845,-181.66019
522,550,47.34930340582499,0.5890389,-0.09294824,0.16303502,263.94373,-128.05898,310.37097,-137.35776
166,816,36.20821975781065,0.5887887,-0.6080091,0.19959098,-222.02747,180.95703,-203.82419,212.2568
938,1115,17.84182839831912,0.5886964,0.18202394,0.17790061,280.86035,65.34335,268.7829,52.210724
529,531,25.773121721438304,0.5876821,0.552011,0.13566566,261.33887,32.43631,236.96863,24.049103
379,1211,31.40831034939567,0.5870372,0.34767017,0.08007421,55.3703,300.0152,34.46515,323.4557
458,939,44.73548300462128,0.58587176,0.15359376,0.05076099,187.68976,-80.051865,217.97333,-112.978584
606,609,28.235638439935794,0.58550483,0.23223719,-0.025115412,332.23108,121.83038,346.7384,97.60666
721,853,33.16959244472912,0.58543515,-0.11437621,0.28291696,455.2414,327.59766,472.443,355.9583
0,1290,49.13495613715111,0.58333015,0.3782137,0.23502326,-468.5371,-177.87436,-468.00974,-128.74223
99,912,29.162698124328873,0.5832562,0.20757084,0.20498355,-300.62173,229.08148,-283.98975,253.03644
132,1214,41.485895631836,0.5782534,0.43901068,0.29092917,-257.1141,65.24072,-297.57764,56.087463
112,1128,43.57133462890655,0.5775354,0.48137522,0.24156438,-239.53818,-216.72713,-236.5233,-173.26022
673,913,22.434624924890283,0.5771878,0.32050163,0.1370873,420.86615,136.76526,440.5598,126.01947
466,1017,15.846433598709275,0.575425,0.7509477,0.23755549,188.1153,22.015808,203.78186,24.396606
327,329,21.399836268822263,0.574087,0.26966503,0.36933857,18.774902,-152.97876,14.739838,-131.96278
222,1209,48.33651889211605,0.57281953,0.6268297,0.10719512,-145.87091,155.48141,-163.38535,110.42963
907,1140,34.50999438250327,0.5720224,-0.3381938,0.091491684,1.9456482,280.63342,27.939087,257.93362
725,905,23.718928529453233,0.5716428,0.1374731,0.13490127,508.98615,-159.79039,524.86975,-142.1751
464,501,40.63681087038669,0.5695371,-0.09176303,0.15043494,190.06226,-0.77012634,222.40051,23.838562
514,1292,40.626313104639344,0.5691012,0.5544268,0.17545845,252.11841,-191.79953,291.14392,-203.09142
507,1058,38.42967160999701,0.56841934,0.14861916,0.12728246,217.5473,194.65369,254.14209,206.3866
637,947,28.22545049384292,0.5673044,0.15829529,0.14078167,400.2414,62.397217,425.21027,49.235474
596,1099,43.198593805961906,0.5667237,0.6527102,0.18535845,349.5044,-15.425842,381.7832,13.2829895
1029,1122,47.58763307979829,0.56577075,0.6668364,0.3776465,-121.11621,232.01205,-84.712555,262.66098
1172,1183,48.026524922527585,0.56507087,0.23499551,0.1842566,221.52948,-152.83484,209.20013,-106.41788
132,879,32.39297509726455,0.56306285,0.028626796,0.4093742,-257.1141,65.24072,-286.37537,51.345276
71,101,40.55369155464533,0.5610585,0.20869486,0.041860297,-311.75107,227.98093,-290.68195,262.63196
124,126,30.659646833999414,0.56086326,0.6464133,0.23490779,-255.84511,-26.785599,-251.4115,3.5517883
666,892,30.182758801786797,0.56070155,0.46451503,0.22651513,404.5932,-15.605164,403.09595,14.540436
550,583,48.58203181694623,0.56041455,0.48427552,0.08802654,310.37097,-137.35776,337.15057,-177.89252
1171,1280,14.54374599672405,0.56012607,0.6635907,0.22722179,472.34448,321.75787,478.1869,335.07654
306,1016,29.181779929175743,0.55768585,0.6858035,0.07767136,-15.849548,34.248627,-40.003113,17.872375
64,66,49.21145511809327,0.5561785,0.6256491,0.06069437,-327.12823,77.708374,-343.6261,124.07202
513,1292,23.67804632423994,0.55580515,0.5373045,0.41588256,267.78577,-206.9704,291.14392,-203.09142
907,1287,19.415858441860994,0.5557913,0.34004587,0.1935772,1.9456482,280.63342,8.912048,298.75647
140,1101,43.11730322785147,0.5552592,0.47941288,0.24012192,-244.10931,303.44257,-201.14832,307.1106
660,683,38.77644602667729,0.55511105,0.38422692,0.31763852,416.6494,-164.49583,454.70038,-171.96155
0,14,38.27225073855064,0.55292577,0.5774302,0.37661308,-468.5371,-177.87436,-431.41815,-168.54976
183,834,29.61127793400554,0.5526196,0.6651559,0.23955922,-170.29202,-18.906769,-154.72638,6.2832794
722,1064,35.24357333536657,0.55082864,-0.213094,0.17231213,438.01184,340.26886,471.98022,349.66345
473,505,30.211431384411696,0.5506792,0.8330872,0.1520471,200.66077,167.96432,222.23517,146.81543
821,937,47.79260603767478,0.54925716,0.65339845,0.30392107,394.6582,360.71246,399.50623,313.16638
172,1249,10.538787580572377,0.5489632,0.78802633,0.3195516,-198.77191,285.97058,-207.01645,279.406
0,928,23.820617759938255,0.5487203,0.4541016,0.34389114,-468.5371,-177.87436,-473.47287,-201.17801
636,892,47.70956711885222,0.5480549,0.250179,0.16526355,376.5229,54.16461,403.09595,14.540436
605,642,23.880440214592415,0.54752517,0.32212797,0.3846351,359.28497,89.06387,362.64,112.70746
619,620,13.360811304319418,0.54576886,-0.037836447,0.35967478,389.885,-201.77892,379.63226,-210.34586
643,1291,29.14118739531743,0.5435928,0.32712215,0.3052013,379.47565,148.26016,356.4369,130.41571
543,575,44.93612608169678,0.5431795,0.40604824,0.17838313,269.75024,298.47357,306.088,272.03833
721,1064,27.69634989240202,0.54287773,-0.043005757,0.25990957,455.2414,327.59766,471.98022,349.66345
659,680,44.313586957675454,0.5427398,-0.060549483,0.34780234,405.38934,-216.12302,448.38995,-226.8301
901,1231,39.934044604080725,0.54265356,0.032023594,0.10283592,84.272705,-190.41998,116.26831,-214.31578
734,1107,21.591977437358658,0.54177845,-0.037864823,0.19405954,506.5622,12.966705,519.6105,-4.236664
729,762,35.013785831221604,0.540094,0.52683926,0.39344317,521.40283,-102.57057,552.7081,-86.887985
507,536,43.21817193520474,0.53764397,0.5431996,0.077795416,217.5473,194.65369,244.99689,161.2721
0,851,31.923874599745176,0.5373982,0.7429762,0.22833867,-468.5371,-177.87436,-439.93628,-192.05626
860,1083,14.201039880314703,0.53735995,0.5906753,0.30327976,-31.05777,-190.69435,-36.18524,-203.93741
436,468,44.54878585508745,0.5364967,0.57832056,0.24223949,137.95093,84.04898,181.59851,75.13367
601,938,41.60909979386922,0.5355772,0.4907474,0.2869202,321.13647,54.895813,280.86035,65.34335
851,928,34.75498853847157,0.53504515,0.37363958,0.3931981,-439.93628,-192.05626,-473.47287,-201.17801
2,20,43.364305772017666,0.53344035,0.6280399,0.44862705,-473.34583,-93.76131,-439.1261,-67.12537
633,636,30.328379064532594,0.53335834,0.5611389,0.33229452,380.6167,24.1138,376.5229,54.16461
3,1290,22.528580339221882,0.5325967,0.4223923,0.274883,-456.3474,-109.46719,-468.00974,-128.74223
612,649,29.95923064934424,0.5309879,0.23051071,0.039643124,345.99542,223.89545,375.90454,222.16336
554,593,37.491486736633625,0.529329,0.7708079,0.1279689,310.7948,-65.699036,347.06238,-56.197754
636,947,48.93625622073253,0.5289618,0.03908756,0.11136654,376.5229,54.16461,425.21027,49.235474
1065,1083,17.293872712496842,0.52823645,0.6779703,0.51664364,-38.15335,-221.11893,-36.18524,-203.93741
874,1121,40.85334984464685,0.5276776,0.44256547,0.17769235,5.9989014,77.68506,46.71875,74.38504
641,1022,27.54104237056037,0.52681696,0.14751813,0.13008708,376.8432,127.40567,355.55908,144.8841
755,759,38.718074763266586,0.52628386,-0.43203232,0.2799622,563.8884,-217.73842,549.67896,-181.72203
513,514,21.808744865966148,0.5252959,0.43008777,0.4301006,267.78577,-206.9704,252.11841,-191.79953
369,797,15.92269109281286,0.5252809,0.10973183,0.35166153,58.258118,39.161743,72.336914,46.599457
381,838,23.705378619845742,0.5250988,0.710502,0.17687565,65.86255,327.8656,43.980347,336.9823
220,1026,14.338467071829832,0.522698,0.3321184,0.2139618,-140.01025,120.57031,-128.40723,128.99417
450,451,39.03063562141007,0.52139324,0.09182893,0.1507689,128.14355,317.17627,139.6792,354.46326
332,1150,29.97177413749645,0.52103096,0.5084841,0.069692746,5.386505,-123.990105,-1.521637,-94.82532
733,734,32.326736878850774,0.5203339,0.43495584,0.30784854,502.04895,-19.043427,506.5622,12.966705
791,836,40.92436836635079,0.5195197,0.41205046,0.28366876,573.9806,130.34473,576.89197,171.1654
671,673,25.918092292014727,0.5192051,0.3391602,0.11592466,424.87274,111.15872,420.86615,136.76526
793,1265,29.903654759020714,0.5189277,0.7480043,0.4387252,564.1245,371.002,534.70154,365.66187
166,170,27.04774348951888,0.5180507,0.092917874,0.19978426,-222.02747,180.95703,-216.21616,207.37311
1,20,24.350495590010226,0.517655,0.52990615,0.24334568,-458.73502,-81.56271,-439.1261,-67.12537
564,854,19.996097799808595,0.51747066,-0.29619506,0.21581525,308.39404,161.79446,324.19568,174.04813
99,100,14.171517153805619,0.5155014,0.5303425,0.24662872,-300.62173,229.08148,-286.79636,225.96848
637,892,47.94183937171956,0.51510197,0.26953438,0.28757367,400.2414,62.397217,403.09595,14.540436
914,1196,34.89357997738246,0.5139068,0.52152216,0.27635786,-317.62585,1.7585602,-329.35474,-31.104721
533,560,34.01533376844653,0.5135597,-0.2689679,0.2963891,269.9652,67.985016,280.0559,35.500854
732,734,16.509531383536256,0.51324725,0.1113366,0.33115092,493.35754,3.057022,506.5622,12.966705
892,929,48.642105509170904,0.5127247,0.44309327,0.28615436,403.09595,14.540436,400.92517,-34.053207
486,974,22.02847505055565,0.511856,0.020011723,0.057133865,216.11499,-169.28204,225.89746,-189.01924
717,1315,34.6398338368725,0.511655,0.7332008,0.31696627,436.66296,266.58542,471.30103,266.23502
725,760,43.05744654705199,0.51127416,-0.30252537,0.11341667,508.98615,-159.79039,532.114,-123.471725
841,1062,25.296995673457292,0.5096321,0.43699387,0.011553689,43.81952,-113.4055,69.114136,-113.05858
91,96,17.945260965184442,0.5090843,0.38973194,0.06689212,-300.13495,122.872925,-302.891,140.60529
405,446,26.06490413194103,0.5086926,0.29031426,0.317668,116.33307,225.11108,141.90466,230.15814
96,815,36.01512055820827,0.50748754,-0.04916856,0.13431083,-302.891,140.60529,-315.59338,174.306
605,606,42.49185052581554,0.506981,0.0056696786,0.24198893,359.28497,89.06387,332.23108,121.83038
56,1210,29.626611783575278,0.50604606,0.6983572,0.14962889,-332.26346,-158.08481,-359.70322,-146.9136
541,1058,44.70339779511625,0.5052753,0.22602123,0.09602723,266.42163,249.37039,254.14209,206.3866
500,932,33.0037635789303,0.50487345,0.7288977,0.17689426,222.5293,-22.502869,239.75989,-50.651672
633,637,43.020328274530335,0.504622,0.08942672,0.24591452,380.6167,24.1138,400.2414,62.397217
165,190,45.19498203829786,0.5023004,-0.16148913,0.106508784,-213.02536,164.8959,-171.68683,146.62811
132,161,28.27562261468004,0.50121546,0.72588253,0.31123894,-257.1141,65.24072,-228.90753,67.215576
1,1321,38.68070105231617,0.50070894,0.37966347,0.23192973,-458.73502,-81.56271,-474.16556,-117.03235
682,683,17.69765949974634,0.50056624,0.45264387,0.5567334,437.0539,-170.61665,454.70038,-171.96155
753,759,46.17777802749463,0.50041795,0.2784852,0.1847696,548.7611,-227.89069,549.67896,-181.72203
228,832,41.88066278078027,0.49916637,0.51441735,0.06624137,-150.26642,237.2973,-122.31714,206.10712
190,223,19.44850831241198,0.4988622,0.023478907,0.06484228,-171.68683,146.62811,-155.28821,157.0842
86,124,31.489211835730043,0.49875104,0.6763913,0.36249366,-282.15906,-44.08145,-255.84511,-26.785599
1011,1260,33.257164921674985,0.49855608,0.6614855,0.39341652,519.67865,-180.9213,523.95044,-213.90297
482,1192,27.57021471551021,0.49851704,-0.17108946,0.0050377892,169.91058,325.13116,143.81921,334.03943
879,1191,33.792757461546216,0.4968219,0.6452056,-0.029152583,-286.37537,51.345276,-317.06293,65.49533
611,612,20.493251998763597,0.49671477,0.05371489,0.006836274,339.56763,243.35455,345.99542,223.89545
560,1115,20.156896959616653,0.49659622,0.38492092,0.43642217,280.0559,35.500854,268.7829,52.210724
753,1031,36.90330926119562,0.4965836,0.3534101,0.19922319,548.7611,-227.89069,585.6566,-227.13191
827,1155,20.94379990744589,0.49628672,-0.23743297,0.07359979,320.16748,-28.812546,321.46753,-49.715958
124,910,11.646318766040457,0.49526912,0.40272897,0.21921544,-255.84511,-26.785599,-246.29651,-33.453506
148,176,25.347235703565666,0.49453753,-0.024259841,0.2275238,-191.84958,-116.83856,-182.4696,-140.38635
197,1160,24.303816392566844,0.4921005,0.54733217,0.3032793,-162.8299,263.8042,-160.87689,288.02942
809,985,46.05489318165135,0.4909666,0.30367827,0.31353047,405.50757,246.54483,429.81598,207.42764
676,985,41.09126421174844,0.49089518,-0.0836521,0.13412343,406.06665,173.89465,429.81598,207.42764
505,1300,24.33277793799349,0.49037987,0.5817753,0.3381211,222.23517,146.81543,205.18378,129.45645
393,1002,38.93535162129514,0.4902354,0.5527379,0.16755326,110.24286,-7.8925934,74.85828,8.352188
15,1321,38.61975535727916,0.48947012,-0.11532469,0.23012027,-443.10037,-139.97662,-474.16556,-117.03235
844,987,21.80471705124102,0.4889325,-0.044098,0.15495643,594.6062,208.60083,588.26025,187.73999
547,548,24.57466359420682,0.48885864,0.32606342,0.44160044,309.8247,-210.79367,319.0453,-188.0144
268,1083,21.82762910652766,0.48850372,0.18723904,0.11145468,-57.98645,-205.01105,-36.18524,-203.93741
1238,1280,45.183355332976745,0.4883315,0.6264657,0.36168283,523.25836,338.25427,478.1869,335.07654
606,1291,25.68324563751441,0.48815885,-0.18808483,0.37620842,332.23108,121.83038,356.4369,130.41571
220,1209,25.479961113830747,0.48747963,0.9075251,0.25176322,-140.01025,120.57031,-163.38535,110.42963
875,938,48.74239742532988,0.4871205,-0.67527527,0.017913098,233.59467,53.43637,280.86035,65.34335
411,993,16.596462782553214,0.4832175,0.8079376,-0.0075318892,116.38867,305.2536,106.364075,292.02673
717,719,17.17357839521868,0.48292214,0.49484408,0.38538772,436.66296,266.58542,453.7976,265.42966
501,1017,18.627013412978805,0.48288798,0.45246178,0.16563743,222.40051,23.838562,203.78186,24.396606
424,459,36.14339003997354,0.4823239,0.34720373,0.21827798,155.0799,-76.72864,175.63916,-47.002197
219,1026,46.31506956508891,0.4821806,0.5462351,0.17769577,-140.3287,84.239685,-128.40723,128.99417
605,607,31.297515133471293,0.48168302,0.16884862,0.23529011,359.28497,89.06387,330.11176,100.3978
615,920,46.24000627024379,0.4809321,0.1885872,0.15163958,351.4148,266.36096,317.94623,298.26697
533,1115,15.81853816089986,0.48003554,-0.029285828,0.19380386,269.9652,67.985016,268.7829,52.210724
875,1157,31.077049969848996,0.4798868,0.6479551,0.15584019,233.59467,53.43637,202.6167,50.956726
956,1231,13.026957644378914,0.4793686,-0.1979363,0.12122077,118.5567,-227.14017,116.26831,-214.31578
398,826,42.14220388381509,0.47914726,-0.064418055,0.026193947,113.20996,112.7446,79.41284,87.5708
719,1315,17.521936066690156,0.47786313,0.5004763,0.3336533,453.7976,265.42966,471.30103,266.23502
564,1052,32.30923396180905,0.4773383,-0.1358531,0.17506993,308.39404,161.79446,339.3081,171.18634
132,800,28.76287086026105,0.47732005,0.032425705,0.3222999,-257.1141,65.24072,-240.64178,88.81964
606,1052,49.86075407244122,0.47634926,0.45115727,0.22042058,332.23108,121.83038,339.3081,171.18634
225,832,29.335237524733305,0.47611657,0.23419295,0.1627152,-142.07251,184.42114,-122.31714,206.10712
582,620,26.396882949291292,0.47596294,0.43198073,0.3641088,355.82367,-221.74525,379.63226,-210.34586
531,953,49.316413820060774,0.47578403,0.43194023,0.1694198,236.96863,24.049103,233.24066,-25.126205
160,185,33.36020745884772,0.47554025,0.5941569,0.21588954,-207.8158,63.425964,-201.67505,30.635803
436,439,12.971447462602105,0.47553876,0.01806311,0.24947613,137.95093,84.04898,137.86023,97.02011
537,569,22.798202791631514,0.4751793,0.6144814,0.2444065,263.651,178.9408,284.61298,187.90482
677,985,27.380745080323205,0.47456187,0.013192912,0.17485711,413.27515,229.2475,429.81598,207.42764
168,169,16.714205854212707,0.47406894,0.6326682,0.059137892,-216.59766,224.02066,-218.29312,240.64865
611,1095,23.718173592129354,0.47327152,-0.2733712,0.16185416,339.56763,243.35455,325.0536,224.5957
361,363,41.385573153384314,0.4732312,0.8657121,0.06429819,54.988342,-116.75309,65.64575,-76.763275
95,815,41.85363315923094,0.47308865,0.15315297,0.25689125,-278.30322,155.30151,-315.59338,174.306
875,1115,35.20957130493748,0.4724192,0.01683811,0.15134619,233.59467,53.43637,268.7829,52.210724
853,1087,35.96065666289833,0.47163963,0.33559135,0.26245221,472.443,355.9583,508.2035,359.7472
732,1289,37.12203893679805,0.47048593,0.3271195,0.12668207,493.35754,3.057022,514.2712,33.727295
241,1201,46.910396082833074,0.47047123,0.3512833,0.13346507,-110.1488,-119.09404,-124.353516,-74.38597
660,1102,32.701786494724075,0.47034523,0.4101321,0.12632325,416.6494,-164.49583,444.4845,-181.66019
327,358,48.46980643809109,0.4699222,0.5707984,0.050179765,18.774902,-152.97876,63.89203,-170.69223
619,660,45.89511379544645,0.46986106,0.44523582,0.28174296,389.885,-201.77892,416.6494,-164.49583
682,1102,13.310653239216682,0.46928892,0.28026152,0.19967051,437.0539,-170.61665,444.4845,-181.66019
847,972,25.41775196574589,0.46898556,0.2808835,0.10201889,599.1372,129.22693,576.2637,140.31131
552,1090,35.22864676457091,0.4677784,0.3901523,0.33838552,278.51562,-105.355865,313.41614,-110.15292
473,536,44.838348940631676,0.4677688,0.5612081,0.0855599,200.66077,167.96432,244.99689,161.2721
68,1034,48.37746583683154,0.46680072,0.07164859,0.20829673,-322.9091,160.85986,-277.02878,145.51788
678,1197,43.633834886739216,0.46599564,0.8229511,0.17999022,397.2541,270.2798,393.15747,226.83868
609,1291,34.212490384121445,0.46545535,0.19534586,0.1513176,346.7384,97.60666,356.4369,130.41571
81,1119,29.203895980718553,0.46501085,0.2862334,0.30820704,-307.04742,-111.18859,-336.0611,-114.51641
483,487,47.65759004209733,0.46473473,0.0041727237,0.20299935,232.50732,-220.12566,226.39343,-172.86186
161,800,24.585123831503847,0.46446037,0.17317028,0.25353408,-228.90753,67.215576,-240.64178,88.81964
255,1279,45.58967363995692,0.46443963,0.34974256,0.05422907,-97.166016,124.25247,-70.44391,161.18954
535,565,20.351831169789527,0.46410972,0.06204988,0.15897965,268.49536,153.7537,288.0689,159.32803
131,1268,46.001515308400265,0.46408898,-0.14479794,0.24539821,-258.11798,85.43207,-276.9091,43.443573
593,1155,26.402839986505132,0.46340406,0.12870677,0.027299583,347.06238,-56.197754,321.46753,-49.715958
596,1155,44.293090017844,0.46311662,-0.31061968,0.15063207,349.5044,-15.425842,321.46753,-49.715958
1107,1289,38.33758245219465,0.462893,0.3350394,0.14925078,519.6105,-4.236664,514.2712,33.727295
126,910,37.35712740988262,0.46235493,0.4917805,0.13781579,-251.4115,3.5517883,-246.29651,-33.453506
727,905,43.04776342358108,0.4620111,-0.12120687,0.30340004,485.02228,-125.887405,524.86975,-142.1751
190,222,27.291804207619112,0.46192285,0.3273763,0.074309915,-171.68683,146.62811,-145.87091,155.48141
582,583,47.66284803658118,0.46064764,-0.3291808,0.13597296,355.82367,-221.74525,337.15057,-177.89252
1052,1291,44.222613090087705,0.45942742,-0.3667735,0.21238236,339.3081,171.18634,356.4369,130.41571
500,501,46.341609611202,0.4594112,0.24417192,0.09390647,222.5293,-22.502869,222.40051,23.838562
582,659,49.883520164024226,0.45864624,-0.027775588,0.36535627,355.82367,-221.74525,405.38934,-216.12302
636,1099,41.21866029293496,0.45816606,0.3174634,0.10173569,376.5229,54.16461,381.7832,13.2829895
3,15,33.26122935313625,0.45770532,0.20518039,0.015199255,-456.3474,-109.46719,-443.10037,-139.97662
774,966,22.23443674213743,0.4571227,-0.21890171,0.13547009,533.3905,149.25247,548.84766,133.26978
410,450,26.67291190742848,0.45706058,0.13321182,0.39864522,104.58362,304.67133,128.14355,317.17627
1256,1265,15.356895171400582,0.4570393,0.49627054,0.4553569,519.71985,369.03577,534.70154,365.66187
161,1286,43.22129998477401,0.45696145,0.44396666,0.24997522,-228.90753,67.215576,-244.89044,27.058044
1195,1318,49.65610248126951,0.45649886,0.49381238,0.3094466,561.03564,-104.108826,593.6195,-66.638565
1290,1321,13.229344358012147,0.45611164,0.54011416,0.3609052,-468.00974,-128.74223,-474.16556,-117.03235
1136,1290,25.613170280841747,0.455964,0.442247,0.16359846,-442.39755,-128.5173,-468.00974,-128.74223
22,852,16.788692459636664,0.4554106,0.69674236,0.22990997,-436.5345,60.884186,-448.8875,49.5148
620,621,17.747694332523256,0.4552884,0.4997466,0.29007173,379.63226,-210.34586,381.75226,-192.72523
321,322,46.1331345323649,0.45468658,0.32513288,0.3181659,-19.769623,327.50543,-0.24813843,369.3047
388,823,34.04197804196525,0.45462558,-0.1129698,-0.016775198,111.1048,-135.55339,81.9834,-153.18292
406,951,17.10491539469422,0.45431137,-0.09425427,0.21657856,110.16107,238.99734,99.66406,252.50256
764,1318,49.039578440190276,0.454187,0.5933435,0.47732055,544.71655,-70.296616,593.6195,-66.638565
675,676,44.84600957737782,0.45380843,0.07803046,0.20244147,410.35883,129.25452,406.06665,173.89465
669,892,40.791497851437626,0.4533062,0.042213228,0.2814629,438.2978,35.150543,403.09595,14.540436
1131,1152,24.93952859682943,0.45324442,0.41958112,0.105354786,57.739685,349.90643,82.526855,352.65894
745,948,38.76600631913983,0.453137,0.7040121,0.27959165,494.17468,162.9425,532.62537,167.87689
759,1297,44.95864242681376,0.4526021,0.007304337,0.17300312,549.67896,-181.72203,594.2312,-187.75336
607,642,34.77952597219383,0.4520853,0.3936202,0.26296946,330.11176,100.3978,362.64,112.70746
929,1056,45.62394507618515,0.4517884,0.021270404,0.20498265,400.92517,-34.053207,360.94904,-56.04077
618,620,15.133240345515834,0.4517144,0.47976997,0.1996612,371.25098,-197.7455,379.63226,-210.34586
296,1083,17.98726361823161,0.45116967,0.16359307,0.4433498,-20.091125,-211.96991,-36.18524,-203.93741
3,1321,19.357631276970356,0.45042455,0.39528432,0.257317,-456.3474,-109.46719,-474.16556,-117.03235
336,835,18.391441013066306,0.4501611,-0.054207258,0.3112438,9.652435,-2.9965515,7.52063,15.27092
695,892,36.49088185568261,0.44984436,0.4114586,0.18860322,439.2041,9.269226,403.09595,14.540436
838,1131,18.87730420906559,0.4497376,0.6107516,0.03772173,43.980347,336.9823,57.739685,349.90643
725,727,41.51721687042407,0.44969058,0.1985854,0.16502918,508.98615,-159.79039,485.02228,-125.887405
55,56,48.53003201599984,0.44880974,-0.27684265,0.02079854,-352.60074,-202.14793,-332.26346,-158.08481
775,987,49.264383992450966,0.44804588,0.52052635,0.105884045,539.63403,179.83618,588.26025,187.73999
881,1054,36.20460439577571,0.4478795,0.23422869,0.14219019,-233.36403,168.9401,-199.59763,182.00162
381,1000,33.34922348960932,0.44762948,0.4501227,0.20436306,65.86255,327.8656,84.46741,300.18835
505,1164,34.12903746304575,0.44722313,0.92634016,0.045557056,222.23517,146.81543,255.6112,139.68582
223,1026,38.87977330443415,0.44716176,0.6272542,0.3960337,-155.28821,157.0842,-128.40723,128.99417
65,1232,9.436932662632337,0.44656846,0.43670887,0.20242083,-343.94153,93.70441,-342.59747,84.36368
698,1274,47.04180238853588,0.44631416,0.07675548,0.1337061,471.41595,66.85333,508.48602,95.81436
636,637,25.106638663223023,0.44613323,0.17571673,0.26173759,376.5229,54.16461,400.2414,62.397217
224,832,45.16793784471049,0.4459718,0.41803473,0.15042001,-132.59335,162.12369,-122.31714,206.10712
306,975,16.26453480656491,0.44582593,0.5887018,0.080268905,-15.849548,34.248627,0.39520264,33.446655
815,1063,40.77645280842956,0.44515178,0.02072551,0.02652019,-315.59338,174.306,-274.9494,177.59018
361,387,37.049674683991874,0.4447178,0.8729325,0.08579481,54.988342,-116.75309,91.17731,-124.69269
95,96,28.645025409843214,0.44450668,0.3806223,0.16485932,-278.30322,155.30151,-302.891,140.60529
721,1248,27.717379517379076,0.44397175,0.5258692,0.49649638,455.2414,327.59766,447.76562,354.28784
721,930,41.14403796147004,0.44379348,0.26793867,0.4358303,455.2414,327.59766,495.3932,336.57904
463,464,32.58847733096077,0.44371477,-0.1332832,0.08633654,167.30981,-24.10112,190.06226,-0.77012634
214,215,13.377119115560776,0.44310805,0.4345627,0.17542036,-130.26059,-20.625076,-122.08618,-10.036102
12,1278,29.883975919752206,0.44310376,0.6844852,0.2754731,-421.78986,-203.0206,-448.05774,-217.27017
230,265,34.760053210122585,0.44308951,0.5411032,0.11107039,-145.70691,263.79138,-116.09027,281.98798
605,637,48.872681340258595,0.44303843,0.4083916,0.30830607,359.28497,89.06387,400.2414,62.397217
555,932,46.11329692609465,0.44193864,0.79997617,0.2509489,281.7608,-31.615936,239.75989,-50.651672
466,806,17.03300177397519,0.44161934,0.7300362,0.17681308,188.1153,22.015808,199.87878,9.697388
559,938,46.51270210514389,0.44128957,0.28720814,0.22627138,310.40863,29.42218,280.86035,65.34335
749,1302,49.37306486786091,0.44114104,0.0004447333,0.166779,509.9922,248.18274,484.05603,206.17065
183,184,24.00759434537373,0.44038087,0.7502563,0.2527458,-170.29202,-18.906769,-194.26587,-17.634262
716,1250,13.123087262136757,0.4393831,0.5898155,0.4297967,437.27472,250.0888,430.61267,238.7825
506,1300,30.80545362854748,0.43933553,0.4109102,0.4194126,223.34021,154.34259,205.18378,129.45645
298,299,17.346791661384636,0.4391589,-0.013003646,0.2585535,-10.645325,-128.66568,-2.4075928,-113.39967
112,988,12.528647506877235,0.43880954,0.34477824,0.2867766,-239.53818,-216.72713,-235.04387,-228.42192
643,1093,29.51554565776525,0.4386442,0.13779978,0.046542075,379.47565,148.26016,358.5749,169.10065
1093,1111,21.294413281752263,0.43840754,0.37105805,0.23661207,358.5749,169.10065,379.75488,171.30518
660,682,21.302751691456557,0.4381699,0.32101986,0.3474151,416.6494,-164.49583,437.0539,-170.61665
419,970,46.201449985379305,0.43792313,0.92956716,0.08038815,148.07318,-109.93058,176.80688,-146.10997
854,1093,34.73338061819526,0.43792042,0.38824493,0.14743662,324.19568,174.04813,358.5749,169.10065
299,300,39.26220338034618,0.43767464,0.23890026,0.21472098,-2.4075928,-113.39967,-33.479065,-89.39792
576,578,45.90303915470483,0.43693566,0.21627757,0.25393143,289.42908,265.91214,301.42603,310.21973
337,797,42.36583968971666,0.4368376,0.42366123,0.1261583,31.109863,36.84268,72.336914,46.599457
126,1303,45.9730366544562,0.4366527,0.24235122,0.16514033,-251.4115,3.5517883,-238.00717,47.527283
1021,1116,27.166208669981195,0.4365751,0.0379702,0.1672679,309.15442,89.73508,282.6953,83.57727
633,666,46.39470544989563,0.4364782,0.365565,0.29192102,380.6167,24.1138,404.5932,-15.605164
376,405,49.59229813684825,0.4364157,0.2839621,0.23591955,75.644104,253.46252,116.33307,225.11108
894,918,46.72681919574397,0.4359136,-0.48171952,0.12265549,518.64655,-115.04562,478.6905,-139.27184
1194,1226,27.95415106385025,0.43580285,0.12978613,0.21695653,-297.6518,335.93518,-271.56808,325.8816
124,157,18.910180662925075,0.43541956,0.4698087,0.31604037,-255.84511,-26.785599,-242.39244,-13.495728
478,845,33.0083096170094,0.43538153,0.45571345,0.21833554,200.86572,207.58023,233.50354,212.5119
564,568,45.00400178446744,0.43529218,-0.029695805,0.11300523,308.39404,161.79446,293.84192,204.3808
791,847,25.181437830699046,0.434347,0.08811215,0.24139741,573.9806,130.34473,599.1372,129.22693
723,726,32.03656502577708,0.4341947,0.61992174,0.24983165,494.49573,-209.92989,475.52222,-184.11618
643,1111,23.046705112417065,0.4337719,-0.54889303,0.08169513,379.47565,148.26016,379.75488,171.30518
184,185,48.8353882798457,0.43336904,0.79295844,0.28437164,-194.26587,-17.634262,-201.67505,30.635803
57,58,19.399740982715574,0.4331528,0.58891624,0.29181242,-350.39246,-109.91844,-336.72467,-96.15103
676,1111,26.438882484147832,0.4324853,0.45031482,0.123801544,406.06665,173.89465,379.75488,171.30518
594,1155,8.499191317422849,0.43233514,0.40795806,0.1897536,319.43903,-57.96953,321.46753,-49.715958
637,669,46.8045995044092,0.43225235,0.31123832,0.38387805,400.2414,62.397217,438.2978,35.150543
450,859,28.968957624673862,0.4321506,0.26496884,0.3330644,128.14355,317.17627,120.53827,289.22345
94,133,46.71619081217948,0.43207198,0.23078565,-0.0008639499,-289.7486,141.0752,-255.98296,108.79077
3,1136,23.611549487418564,0.43197507,0.6033635,0.3091079,-456.3474,-109.46719,-442.39755,-128.5173
547,1292,20.206348172319235,0.43180585,0.31791708,0.21694759,309.8247,-210.79367,291.14392,-203.09142
859,1000,37.70061284814634,0.43137228,-0.1471693,0.30503538,120.53827,289.22345,84.46741,300.18835
486,1172,17.315520149008854,0.43092152,0.1538323,0.20989051,216.11499,-169.28204,221.52948,-152.83484
795,1282,31.638289523762385,0.43022156,0.6640369,0.36585054,-288.56015,210.55365,-270.4081,236.46667
798,1000,13.275133240861974,0.43006226,0.29894832,0.05748037,76.67676,289.43964,84.46741,300.18835
548,583,20.742564183387074,0.42962724,-0.27766296,0.21687703,319.0453,-188.0144,337.15057,-177.89252
797,1134,20.1050931519742,0.42953897,0.22913815,0.24827345,72.336914,46.599457,75.56488,66.443726
240,268,44.10852477413487,0.42931247,0.17932905,0.25003916,-97.89496,-186.22614,-57.98645,-205.01105
1093,1144,10.998125096000432,0.4292815,-0.0962214,0.1981863,358.5749,169.10065,360.6623,158.30243
398,436,37.888704277642965,0.4290719,0.14517978,0.09223271,113.20996,112.7446,137.95093,84.04898
617,1076,36.51507726955511,0.4289912,0.8601003,0.20105378,333.15125,322.3075,332.656,285.79578
18,20,46.54040306439716,0.42874783,0.1930605,0.25591257,-394.91513,-81.66495,-439.1261,-67.12537
69,71,43.60958681523678,0.4281906,0.26960468,0.20665942,-321.5302,185.48193,-311.75107,227.98093
170,816,13.319585829326845,0.4275341,0.54710287,0.47193986,-216.21616,207.37311,-203.82419,212.2568
560,875,49.80290973412281,0.42740557,-0.16363573,0.2131709,280.0559,35.500854,233.59467,53.43637
1109,1234,45.176462787717064,0.42731044,-0.11130148,0.0738746,131.13824,-111.45256,104.78479,-74.759125
443,1120,37.30601937303125,0.42689437,0.17989597,0.10248511,131.58661,168.11975,158.16656,194.29694
364,831,37.87753449706061,0.4265496,0.5439562,0.1241648,56.95294,-40.380493,75.42029,-73.451096
618,659,38.77062338564238,0.4259676,0.5170397,0.024486577,371.25098,-197.7455,405.38934,-216.12302
575,578,38.464960199200924,0.42582548,-0.15833162,0.28319794,306.088,272.03833,301.42603,310.21973
875,888,44.2651417998887,0.4254104,-0.2612358,0.14027634,233.59467,53.43637,233.35272,9.17189
171,997,19.46055020646039,0.4254037,-0.19385755,0.2701056,-215.4874,263.62207,-196.87436,269.30255
954,987,43.06134987877351,0.42501086,0.43628848,0.13225791,561.9341,221.81656,588.26025,187.73999
89,1097,17.281139113070882,0.4245717,0.35049024,0.22174165,-301.43243,80.80026,-306.63272,97.280396
575,616,35.09643970481649,0.42425355,0.2877905,0.15960331,306.088,272.03833,340.2719,264.08716
694,735,42.23742682057697,0.42402458,0.4015717,0.4175625,457.16193,12.236786,495.6278,29.683167
683,840,26.572957000952364,0.42397183,0.14140931,0.25860462,454.70038,-171.96155,440.73553,-149.35391
423,986,29.137481483822885,0.42355126,0.7541644,0.12494677,130.906,-80.306076,159.25928,-87.0206
194,224,45.64198838049484,0.4228,0.40104914,0.21849285,-175.51633,177.64172,-132.59335,162.12369
513,974,45.5727349987431,0.4226081,-0.07878359,0.20725067,267.78577,-206.9704,225.89746,-189.01924
646,1197,33.27119331222754,0.42257524,0.8378556,0.27720952,366.04785,207.55032,393.15747,226.83868
723,1011,38.41455340171475,0.4225729,0.7454935,0.3927918,494.49573,-209.92989,519.67865,-180.9213
445,1120,22.054376971760952,0.42256087,0.03611306,0.23812051,160.7063,172.38928,158.16656,194.29694
268,1065,25.550256689223303,0.42237967,0.2782568,0.20354341,-57.98645,-205.01105,-38.15335,-221.11893
1,3,28.006439521903317,0.4223631,0.8488471,0.4146812,-458.73502,-81.56271,-456.3474,-109.46719
797,1057,40.87287725493026,0.42216554,0.51978666,0.40081468,72.336914,46.599457,57.5661,84.71002
502,1017,42.64452595032396,0.42189103,-0.27989405,0.1431909,216.4654,65.11127,203.78186,24.396606
803,1079,19.407813327318785,0.42177126,-0.052029062,-0.02119259,482.82928,93.55557,479.48145,74.43869
126,129,33.631742890171466,0.42175597,0.5813492,0.27205172,-251.4115,3.5517883,-265.0691,34.285553
86,910,37.40421931054037,0.42172086,0.57860696,0.2100418,-282.15906,-44.08145,-246.29651,-33.453506
152,958,23.603925668472503,0.42126483,0.7305518,0.18597876,-218.14777,-27.587524,-197.9813,-39.853683
583,1158,35.23243126577513,0.42090356,0.19604416,0.26723075,337.15057,-177.89252,306.88464,-195.92853
548,582,49.90410395046941,0.42043415,0.362502,0.37594068,319.0453,-188.0144,355.82367,-221.74525
572,1095,38.92241742614852,0.42015883,0.51921767,0.27138418,286.7777,231.66052,325.0536,224.5957
1250,1315,49.08342644727026,0.42015433,0.5864759,0.21693403,430.61267,238.7825,471.30103,266.23502
552,1137,36.67500428289058,0.41978943,-0.17317177,0.07143883,278.51562,-105.355865,260.4693,-73.42804
224,1032,34.96469642072525,0.41963077,0.11419496,0.1983417,-132.59335,162.12369,-114.19714,132.38971
409,450,48.4944264925469,0.41925007,-0.2478667,0.15513222,112.688965,271.21036,128.14355,317.17627
505,534,37.804477590371626,0.41916358,0.5226573,0.14180651,222.23517,146.81543,239.53864,113.2034
425,1109,20.832378651635374,0.41911206,0.5580318,0.08764426,139.79517,-92.50406,131.13824,-111.45256
612,614,17.802123448100524,0.41897267,0.041508604,0.15362345,345.99542,223.89545,351.052,240.96432
543,576,38.04606832427764,0.41846514,0.017168311,0.16622072,269.75024,298.47357,289.42908,265.91214
534,1300,38.005499431251046,0.41836184,0.15760498,0.3743312,239.53864,113.2034,205.18378,129.45645
596,1056,42.19659090577531,0.41827896,0.33819538,0.31504667,349.5044,-15.425842,360.94904,-56.04077
936,1001,20.769971392848124,0.41821355,-0.3534715,-0.00078007195,158.41321,24.943634,145.1867,8.929535
836,972,30.860491932697922,0.41821235,-0.30827308,0.2841853,576.89197,171.1654,576.2637,140.31131
924,1318,33.9178933354843,0.4177222,0.5227098,0.38801107,565.41833,-47.794006,593.6195,-66.638565
660,840,28.45029011427736,0.41751453,0.07110568,0.25775063,416.6494,-164.49583,440.73553,-149.35391
859,1228,28.257067233243628,0.4173268,0.5016374,0.18315911,120.53827,289.22345,148.71802,287.13452
231,1029,39.79428178027879,0.41663015,0.7013735,0.06942287,-123.60077,271.7287,-121.11621,232.01205
299,1038,25.97834481118077,0.41653997,0.582924,0.14811389,-2.4075928,-113.39967,2.5196838,-138.90646
489,522,38.73680893820946,0.41602558,-0.2457347,0.2206636,225.51306,-123.19848,263.94373,-128.05898
658,1102,34.79929633344318,0.4159994,-0.25092018,0.12660725,416.75195,-202.68153,444.4845,-181.66019
307,976,23.715233191848313,0.41599563,0.45005345,-0.032509994,-1.7929688,69.05145,15.237427,52.547577
826,1121,35.25291361482541,0.41551247,-0.1297842,0.20385198,79.41284,87.5708,46.71875,74.38504
574,1095,32.08707686172612,0.41549623,0.2572876,0.1154463,303.30823,248.19061,325.0536,224.5957
190,225,48.013758248572415,0.4153944,0.18485837,0.3366783,-171.68683,146.62811,-142.07251,184.42114
733,1107,22.9705752422781,0.41483918,-0.17752999,0.21949507,502.04895,-19.043427,519.6105,-4.236664
577,1215,45.07523583656366,0.41376087,-0.33071205,0.15275526,290.81183,307.49042,260.27197,340.643
548,1158,14.509122190716246,0.41373748,-0.06692064,0.16914752,319.0453,-188.0144,306.88464,-195.92853
785,1224,40.0638415908689,0.4136315,0.6276685,0.3218099,595.7134,250.20581,600.7328,289.95398
765,842,14.139197747647598,0.41362646,0.73960197,0.22666042,533.68445,-61.485962,519.69824,-63.560318
71,102,45.36373493818813,0.41351008,-0.23056747,0.17702332,-311.75107,227.98093,-297.4537,271.03268
712,715,43.047813577034425,0.4132799,0.7522112,0.16067922,452.9029,235.9707,441.7588,277.55103
605,1291,41.44980115705346,0.41306067,0.047333375,0.3356132,359.28497,89.06387,356.4369,130.41571
148,873,48.75432632671205,0.41196883,0.28597984,0.1641541,-191.84958,-116.83856,-166.47226,-75.20953
374,1245,11.535419021904978,0.411752,0.39281732,0.30525783,67.20471,232.38287,65.60669,243.80707
605,634,24.96198718866648,0.41152975,0.2529278,0.3732349,359.28497,89.06387,379.81274,74.86136
755,1031,23.708474277097014,0.41134787,-0.06416534,0.19152167,563.8884,-217.73842,585.6566,-227.13191
110,144,34.97749075594161,0.41107237,0.65558785,0.3551633,-254.7801,-223.94621,-219.94006,-220.84842
221,1026,20.984628628480127,0.4108705,0.5057246,0.18956064,-133.85971,108.730286,-128.40723,128.99417
1102,1166,11.629438654289785,0.41071644,0.4398678,0.08819124,444.4845,-181.66019,437.79364,-191.17209
15,1290,27.325590190122345,0.41058484,-0.047804758,0.17295547,-443.10037,-139.97662,-468.00974,-128.74223
592,629,46.68994390030111,0.41055027,-0.39561155,0.011638804,341.6964,-36.144623,373.7848,-70.0605
306,338,48.91779361167812,0.41042617,-0.17456533,0.18838567,-15.849548,34.248627,19.294098,68.276184
17,1136,42.66699380677745,0.40980637,0.4062248,0.31795332,-406.3155,-151.28915,-442.39755,-128.5173
884,920,43.87882101526458,0.40968585,0.015638757,0.07352306,294.74792,335.51196,317.94623,298.26697
641,643,21.019981395407978,0.40944847,0.1651721,0.05639815,376.8432,127.40567,379.47565,148.26016
463,1295,25.298572560804,0.4089482,0.041688025,0.31250393,167.30981,-24.10112,192.57922,-22.886734
163,165,42.61170584866661,0.4086383,0.597792,0.24160439,-221.16412,123.068665,-213.02536,164.8959
477,1120,24.124198453223794,0.40859735,-0.2243118,0.10880607,181.18591,201.51404,158.16656,194.29694
620,659,26.397021787763567,0.40851268,0.14794277,0.4005202,379.63226,-210.34586,405.38934,-216.12302
513,546,33.60817398538159,0.40825075,-0.14161927,0.36840606,267.78577,-206.9704,295.6112,-188.12221
62,1214,25.0904697657746,0.40758917,0.19447617,0.28775504,-316.6571,39.79312,-297.57764,56.087463
1092,1131,42.982039798141365,0.40747398,0.46831164,0.12196849,16.586243,362.31006,57.739685,349.90643
575,1264,16.97827067385535,0.40691864,-0.3755966,0.34267998,306.088,272.03833,310.80518,288.34814
383,1231,11.678144646341496,0.40667644,-0.27481723,0.24244484,109.102844,-205.09433,116.26831,-214.31578
965,1138,33.80322166921105,0.40666178,0.11548409,0.025674,197.6803,308.1701,200.3504,274.4725
617,654,33.06993894892115,0.40661442,0.05015266,-0.0067709237,333.15125,322.3075,366.1062,319.5522
547,1158,15.153100157148438,0.4057899,0.33375224,0.2615886,309.8247,-210.79367,306.88464,-195.92853
108,1194,28.119567308847124,0.40565804,0.050589077,0.24574237,-277.4734,316.35095,-297.6518,335.93518
158,1013,43.32794548122029,0.40541866,-0.11568048,0.04501433,-226.66531,19.405289,-257.26343,50.082092
266,1139,18.886122277085864,0.40531564,0.46264642,0.350765,-100.322296,353.86957,-85.78003,365.9198
513,547,42.2124380559594,0.40517867,0.21415636,0.35980424,267.78577,-206.9704,309.8247,-210.79367
836,987,20.09862672484945,0.4047092,-0.0318434,0.26886582,576.89197,171.1654,588.26025,187.73999
14,15,30.869051492817146,0.40460452,-0.033649176,0.3456825,-431.41815,-168.54976,-443.10037,-139.97662
686,1102,46.057353328521536,0.40395713,0.09027809,0.054561064,464.3086,-140.08754,444.4845,-181.66019
954,1244,35.05490844750503,0.40386206,0.40302086,0.22726446,561.9341,221.81656,583.20276,249.68213
634,637,23.930828836092097,0.4037371,0.32791913,0.18873772,379.81274,74.86136,400.2414,62.397217
751,930,38.69830338202288,0.40372998,0.24956632,0.21261337,512.37805,301.8073,495.3932,336.57904
848,1196,46.43937081823505,0.4036522,0.60092986,0.40568927,-354.6488,7.8417206,-329.35474,-31.104721
624,660,45.29894401108664,0.40359998,0.36076936,0.39927337,373.90283,-149.50504,416.6494,-164.49583
643,1189,45.166624469107276,0.40330547,0.101778425,0.070940726,379.47565,148.26016,421.4942,164.82715
165,194,39.61544491929817,0.40312397,0.3378862,0.049610324,-213.02536,164.8959,-175.51633,177.64172
576,1264,30.98889957559375,0.40300322,0.060225893,0.4053985,289.42908,265.91214,310.80518,288.34814
1095,1216,27.489310542111653,0.40288043,0.2580603,0.21403363,325.0536,224.5957,313.29987,199.74591
809,1250,26.277745842781236,0.40263754,-0.025890373,0.20311916,405.50757,246.54483,430.61267,238.7825
259,832,42.91123499364054,0.40234527,-0.12770371,0.1568852,-88.35666,179.87622,-122.31714,206.10712
1046,1059,48.97362360627775,0.40225178,-0.15146598,0.15682016,-339.46588,-23.516068,-298.08594,2.6777496
389,417,39.05088013038824,0.40205887,0.65770847,0.33749667,119.8186,-120.69092,143.2926,-151.89897
86,1184,17.061739716674605,0.40077084,0.5009746,0.29848093,-282.15906,-44.08145,-277.7009,-27.612457
1167,1261,23.223868459311497,0.4007591,0.743953,0.2742431,-197.32623,-159.64786,-218.22986,-149.52924
504,1300,23.086960721637414,0.40036535,0.6498039,0.27707228,225.27557,118.08423,205.18378,129.45645
732,733,23.748060369112242,0.40026075,0.13726899,0.2385259,493.35754,3.057022,502.04895,-19.043427
235,839,34.64139848787017,0.40024686,-0.28439522,0.043744113,-147.10107,317.28625,-157.99985,350.16852
69,969,22.168122951458592,0.40003902,0.13285989,0.03547915,-321.5302,185.48193,-339.22607,172.1297
293,1122,19.819244665606266,0.40000403,0.5843109,0.37988317,-66.0141,256.09058,-84.712555,262.66098
611,615,25.87760092736166,0.39886963,0.52308446,0.1963937,339.56763,243.35455,351.4148,266.36096
760,1030,46.86036336087431,0.39885065,0.091751546,0.124357514,532.114,-123.471725,571.4376,-148.95795
985,1250,31.36497829045763,0.398635,-0.024173982,0.32872054,429.81598,207.42764,430.61267,238.7825
504,536,47.47759464310174,0.39804167,0.3980092,0.10719478,225.27557,118.08423,244.99689,161.2721
124,153,28.83658079548898,0.3980199,0.47859234,0.2996815,-255.84511,-26.785599,-235.68454,-47.40355
605,608,34.1224706107908,0.39791298,0.2548079,0.20090275,359.28497,89.06387,341.91046,118.4317
552,591,46.75915462994491,0.39766496,0.67309195,0.052642643,278.51562,-105.355865,316.23138,-77.7164
668,947,21.428061251072098,0.39753875,0.39371833,0.17102914,403.78625,49.65207,425.21027,49.235474
207,1169,36.415923405754064,0.39747906,-0.27570614,0.20834018,-123.26428,-128.17247,-153.26593,-107.5322
682,840,21.579125012470996,0.39737648,0.35686934,0.2056894,437.0539,-170.61665,440.73553,-149.35391
224,259,47.6658950637769,0.3970464,-0.20099075,0.31891364,-132.59335,162.12369,-88.35666,179.87622
578,1264,23.797784825476068,0.39689967,0.22158916,0.29219276,301.42603,310.21973,310.80518,288.34814
1273,1321,49.43533152972206,0.39673582,0.631109,0.36673737,-453.90427,-71.939865,-474.16556,-117.03235
621,660,44.88552707115921,0.39664,0.24686006,0.30628356,381.75226,-192.72523,416.6494,-164.49583
559,560,30.95541995274557,0.3965844,-0.12254798,0.3906215,310.40863,29.42218,280.0559,35.500854
550,551,20.745226978056056,0.39640746,-0.019195393,0.18775691,310.37097,-137.35776,292.8745,-126.21153
593,629,30.104203504879333,0.39622065,0.49903026,0.29650694,347.06238,-56.197754,373.7848,-70.0605
614,1095,30.722129865542794,0.3962124,0.09644655,0.32215035,351.052,240.96432,325.0536,224.5957
231,1061,11.163813457837898,0.39614555,0.026465321,0.061067477,-123.60077,271.7287,-115.58194,263.96152
68,969,19.83061390700766,0.39549103,0.18202211,0.2798518,-322.9091,160.85986,-339.22607,172.1297
146,1167,15.363547573709479,0.3954045,0.57454085,0.2793003,-212.68369,-160.08058,-197.32623,-159.64786
879,1286,48.07149422283575,0.39510018,0.4551545,0.1382127,-286.37537,51.345276,-244.89044,27.058044
410,1000,20.60968154011539,0.39497706,-0.043972366,0.20677291,104.58362,304.67133,84.46741,300.18835
278,306,44.74635151777821,0.3945839,0.34292454,0.20854408,-60.272583,39.61798,-15.849548,34.248627
705,711,21.260637571566225,0.3945525,0.38421652,0.47125906,461.4569,156.78204,478.59802,169.35968
387,1062,24.94265493947159,0.3943907,0.5095237,0.021959504,91.17731,-124.69269,69.114136,-113.05858
356,360,40.52620900089069,0.3943755,0.14298801,0.23696528,43.515747,-198.97072,56.622925,-160.62263
1128,1167,41.4934522835892,0.39432675,-0.49726364,0.036022015,-236.5233,-173.26022,-197.32623,-159.64786
940,1051,48.18575166718513,0.3940866,0.51464164,0.006887729,128.35986,207.44293,85.398865,185.62048
614,615,25.399228093842474,0.39386973,0.3562047,0.17875151,351.052,240.96432,351.4148,266.36096
729,1045,29.947781194422376,0.3937433,0.63151795,0.23496822,521.40283,-102.57057,549.6343,-112.563324
663,840,45.56767156639338,0.393183,0.08446865,0.26762995,417.26367,-110.29646,440.73553,-149.35391
962,967,34.3230721578045,0.39309138,0.523993,0.15337,155.7934,280.8181,155.43176,315.13928
516,517,14.504564297608317,0.3927333,-0.022051949,0.14127299,254.23645,-171.53976,248.11743,-158.3891
464,500,39.06943614392795,0.39247876,0.4943724,0.33769825,190.06226,-0.77012634,222.5293,-22.502869
120,124,48.05684852292049,0.39220455,0.40098155,0.44064897,-265.84412,-73.79071,-255.84511,-26.785599
770,1180,47.663662323579395,0.3919578,0.4234326,0.21228278,550.77856,69.02057,587.672,38.842773
131,1159,45.15244664580542,0.3917954,0.09508956,0.16806929,-258.11798,85.43207,-264.05396,130.19263
1111,1144,23.099749441569674,0.39177707,0.18033938,0.33084276,379.75488,171.30518,360.6623,158.30243
225,226,17.196075424532314,0.39161542,0.3210212,0.1900748,-142.07251,184.42114,-151.69693,198.6716
830,1018,40.51161745170197,0.39123103,0.14341839,0.19160509,581.952,124.40689,580.76843,83.91257
176,1007,9.395050487771638,0.3911616,0.6474509,-0.04136425,-182.4696,-140.38635,-182.57938,-149.78076
502,1157,19.802458247629826,0.390987,0.86363274,0.5011124,216.4654,65.11127,202.6167,50.956726
715,1315,31.635356782516514,0.39067847,0.69382787,0.16502772,441.7588,277.55103,471.30103,266.23502
293,805,18.603236357052076,0.39043683,0.12540305,0.17399792,-66.0141,256.09058,-82.02927,246.62512
727,760,47.15365408896489,0.3901539,0.044247527,0.24016,485.02228,-125.887405,532.114,-123.471725
602,813,13.142819032949813,0.3898324,0.736144,0.20808299,336.0705,80.47513,325.93756,88.84515
278,1126,49.51948981658753,0.38949952,0.14819808,0.2342645,-60.272583,39.61798,-11.741791,49.463898
396,1002,32.100538953549055,0.38931745,0.11306805,0.20447524,104.87018,19.742111,74.85828,8.352188
1107,1156,48.56304238362784,0.38931262,-0.50006735,0.22899806,519.6105,-4.236664,567.9774,-8.596466
671,701,33.73386385111275,0.3891651,0.47430474,0.03716434,424.87274,111.15872,458.5865,112.32361
750,1182,36.33321531359818,0.38914824,0.26319376,0.24715193,517.86804,266.1869,548.3164,286.0111
806,1017,15.208584268886106,0.38908964,0.6063909,0.10118349,199.87878,9.697388,203.78186,24.396606
1,19,47.15597900870848,0.38888636,0.56103027,0.23782238,-458.73502,-81.56271,-414.56396,-98.073456
255,1026,31.599002710884154,0.38880923,0.1280024,0.23460218,-97.166016,124.25247,-128.40723,128.99417
522,551,28.989712494649194,0.38873422,-0.04456395,0.21333942,263.94373,-128.05898,292.8745,-126.21153
959,1180,13.566284275385309,0.38846982,0.101741545,0.19239019,574.56934,35.326477,587.672,38.842773
669,700,43.69067594150607,0.38800997,0.37945843,0.41774464,438.2978,35.150543,448.67743,77.59036
882,1138,19.61146783653124,0.3878049,-0.04050369,0.073373735,195.68066,293.5199,200.3504,274.4725
676,710,37.01722922825161,0.38762397,0.06827137,0.1372625,406.06665,173.89465,442.5625,180.08563
559,603,39.514825507482044,0.387614,0.024725229,0.32001066,310.40863,29.42218,343.31702,51.2959
673,676,39.970202952381676,0.38755196,0.39177448,0.031267975,420.86615,136.76526,406.06665,173.89465
210,1169,20.345187523562856,0.38746515,0.12905645,0.24375325,-154.72107,-87.23912,-153.26593,-107.5322
657,1166,36.896288633723415,0.38731453,0.57413363,0.21885313,402.5251,-202.01022,437.79364,-191.17209
882,1221,40.7237332721235,0.3873125,0.41691247,0.080179855,195.68066,293.5199,174.75348,258.5846
605,636,38.92433899717619,0.38706037,0.116250455,0.21337837,359.28497,89.06387,376.5229,54.16461
723,864,22.855295099652864,0.38696548,0.20705864,0.28185394,494.49573,-209.92989,477.65192,-194.48157
572,574,23.37738004537319,0.38696048,-0.24331015,0.1588506,286.7777,231.66052,303.30823,248.19061
858,1068,45.09199450660178,0.3868536,0.39677525,0.2749353,432.1621,357.2033,389.331,371.30237
666,1099,36.807898293374365,0.3866084,0.3706872,0.20307074,404.5932,-15.605164,381.7832,13.2829895
152,156,23.279070586023963,0.38654912,0.4491505,0.25689173,-218.14777,-27.587524,-224.41525,-5.16803
612,650,15.210451268701139,0.38630098,0.3707573,0.068747014,345.99542,223.89545,361.10712,225.62592
328,356,42.95971301914293,0.38589725,0.4630365,0.17930597,10.42157,-171.57889,43.515747,-198.97072
608,642,21.50537924827773,0.38580322,0.1639901,0.29518184,341.91046,118.4317,362.64,112.70746
703,705,36.19327313702778,0.38570845,0.43837383,0.3215147,450.1574,122.39783,461.4569,156.78204
827,1056,49.03581872225147,0.3855908,0.2554031,0.29484805,320.16748,-28.812546,360.94904,-56.04077
238,1229,26.5479886558065,0.38558024,0.4464928,0.17468645,-85.05023,-203.91849,-69.104034,-182.69316
717,809,37.04434979616966,0.3853426,-0.31668738,0.15424617,436.66296,266.58542,405.50757,246.54483
330,361,22.146920163763404,0.38521582,0.5158867,0.123761944,32.884705,-118.137024,54.988342,-116.75309
285,287,23.064279997473285,0.38511202,0.117843404,0.31069863,-76.665405,184.03894,-53.76654,181.28159
844,954,35.243763360215816,0.38496578,0.46741134,0.124392875,594.6062,208.60083,561.9341,221.81656
393,396,28.15213305037333,0.3848786,-0.14982729,0.32219195,110.24286,-7.8925934,104.87018,19.742111
669,697,27.104567100481166,0.3844915,0.30522525,0.42687368,438.2978,35.150543,457.62762,54.15094
635,642,28.669325081195076,0.38444743,0.41566688,0.33331728,367.8742,84.51999,362.64,112.70746
192,1042,18.667408389481444,0.38389963,0.6089058,0.36425304,-179.07288,156.11328,-163.211,165.95569
233,916,20.174566322284747,0.3833692,0.6961189,0.04375778,-130.45047,292.85596,-110.28656,293.5116
158,909,42.17799500384923,0.38318488,0.12198063,0.07099725,-226.66531,19.405289,-196.75131,49.13971
126,1184,40.77183662195003,0.3830878,0.5348268,0.23242533,-251.4115,3.5517883,-277.7009,-27.612457
1031,1297,40.30129184775953,0.3830732,0.18367995,0.28150964,585.6566,-227.13191,594.2312,-187.75336
244,1010,47.36145647133145,0.38288438,0.007857922,0.09334445,-99.96387,-39.143967,-59.910645,-64.41939
2,1321,23.285475115712806,0.38242817,0.52250785,0.38923433,-473.34583,-93.76131,-474.16556,-117.03235
448,450,48.17423321848244,0.38234442,-0.18489306,0.18134373,139.38708,270.3325,128.14355,317.17627
454,956,48.63758867116582,0.38212556,0.24068375,0.3279534,167.0221,-223.05107,118.5567,-227.14017
624,1246,16.239552751138785,0.38198608,0.12055964,0.44893557,373.90283,-149.50504,357.6682,-149.9053
677,717,44.05803396863243,0.3816622,0.27387616,0.33032566,413.27515,229.2475,436.66296,266.58542
328,1186,26.888756902620983,0.38161942,0.6407255,0.27763918,10.42157,-171.57889,-2.0198364,-195.41618
753,1260,28.4820208427791,0.38158602,0.03673286,0.07487149,548.7611,-227.89069,523.95044,-213.90297
964,1180,13.843836056999377,0.38151562,0.4322616,0.28504443,583.56335,25.62268,587.672,38.842773
981,1157,13.647398449510746,0.38144422,0.49030083,0.24631022,196.68225,63.246307,202.6167,50.956726
182,183,20.642594686140242,0.3814118,0.4532438,0.32151335,-171.202,-39.529297,-170.29202,-18.906769
67,969,26.655944953439327,0.38135362,0.4354268,0.23518024,-330.41858,146.97086,-339.22607,172.1297
37,57,32.82038226748179,0.38097733,0.63572544,0.55367625,-372.96478,-86.09267,-350.39246,-109.91844
680,1102,45.33842801119415,0.38032624,-0.14894429,0.13988803,448.38995,-226.8301,444.4845,-181.66019
669,947,19.226766764662294,0.37976488,0.052681495,0.181767,438.2978,35.150543,425.21027,49.235474
168,997,49.3908705120153,0.37971467,0.56873804,0.11757384,-216.59766,224.02066,-196.87436,269.30255
718,748,20.478061613235536,0.37959158,0.55509675,0.25048023,460.0949,248.62598,480.453,250.83936
383,414,34.47982518784341,0.3794791,-0.052679684,0.14187612,109.102844,-205.09433,141.17639,-217.7492
361,1062,14.600940222319146,0.37934646,0.57087916,0.03745652,54.988342,-116.75309,69.114136,-113.05858
774,791,44.77787477781284,0.37929192,0.41234425,0.3414127,533.3905,149.25247,573.9806,130.34473
195,997,36.31476392947905,0.3791651,0.5831429,0.28407592,-177.33871,238.69012,-196.87436,269.30255
642,1291,18.763287212026054,0.37916142,0.14983739,0.41042233,362.64,112.70746,356.4369,130.41571
608,1291,18.831717488437196,0.37897065,0.11605365,0.24079779,341.91046,118.4317,356.4369,130.41571
325,356,32.96144243323217,0.37896764,0.26008028,0.27141193,13.381348,-185.61502,43.515747,-198.97072
641,1111,43.9959598836278,0.37886673,0.47711137,0.057220027,376.8432,127.40567,379.75488,171.30518
919,967,35.714985771047026,0.3787253,-0.106879935,0.1303806,124.3089,332.65863,155.43176,315.13928
607,608,21.550665770936604,0.37850508,-0.0009650833,0.1584847,330.11176,100.3978,341.91046,118.4317
14,851,25.002280872668827,0.37804618,0.41607726,0.45742193,-431.41815,-168.54976,-439.93628,-192.05626
481,1228,45.31565663424927,0.37797874,0.60808367,0.048729785,183.67188,315.97437,148.71802,287.13452
759,1260,41.20156954791308,0.37759358,-0.43043202,0.22280593,549.67896,-181.72203,523.95044,-213.90297
511,1117,10.326480160637596,0.37747857,0.87861824,0.061874494,223.55524,326.11786,233.25488,329.6609
559,1115,47.455445669361865,0.37740892,0.14133681,0.30566362,310.40863,29.42218,268.7829,52.210724
619,659,21.12196935144828,0.37730032,0.45031995,0.31456593,389.885,-201.77892,405.38934,-216.12302
431,1242,36.19485687490492,0.37664908,0.042628475,0.21885972,156.69055,-7.4318542,185.63177,-29.168304
705,739,34.41878310230405,0.37658346,0.5121274,0.2855261,461.4569,156.78204,475.69244,125.44513
397,439,47.370151079298125,0.3762444,-0.33119667,0.03782198,111.90466,57.39386,137.86023,97.02011
282,946,30.541018211209483,0.37620473,0.21449728,-0.046319384,-56.418213,110.51761,-45.87628,139.18155
895,1224,36.80467094890868,0.37597585,0.3690838,0.17276171,566.46423,303.3797,600.7328,289.95398
615,897,34.52561153647194,0.3754635,0.42764476,0.20412552,351.4148,266.36096,367.17273,297.08075
483,974,31.800932910695426,0.375457,0.17000364,0.30197042,232.50732,-220.12566,225.89746,-189.01924
614,649,31.162877892593535,0.37534544,0.05689817,0.11959952,351.052,240.96432,375.90454,222.16336
668,892,35.118418495924296,0.37492236,0.37146574,0.18122068,403.78625,49.65207,403.09595,14.540436
615,1076,27.011186199772236,0.3749143,0.6752988,0.2313752,351.4148,266.36096,332.656,285.79578
897,920,49.240791628818265,0.37489995,-0.0032659792,0.13195017,367.17273,297.08075,317.94623,298.26697
605,609,15.178787860774843,0.37476605,0.041919075,0.251448,359.28497,89.06387,346.7384,97.60666
634,636,20.956585633272173,0.37455502,0.5452187,0.15070954,379.81274,74.86136,376.5229,54.16461
836,844,41.41503465170264,0.3742968,0.5319642,0.3163531,576.89197,171.1654,594.6062,208.60083
589,1090,37.65459416432343,0.3741225,0.28514495,0.27854627,336.59143,-80.47508,313.41614,-110.15292
955,1198,41.81702262944409,0.37392756,0.01621193,0.18153009,557.63916,231.96289,527.6781,202.79102
954,1198,39.184736305443764,0.37388545,0.37279207,0.25115404,561.9341,221.81656,527.6781,202.79102
397,797,41.01372819621021,0.37383184,0.6923197,0.30264375,111.90466,57.39386,72.336914,46.599457
97,815,30.98288602578398,0.37359145,0.3542061,-0.045077216,-299.17093,200.57846,-315.59338,174.306
611,649,42.06468790491786,0.37356234,0.083121456,0.048303895,339.56763,243.35455,375.90454,222.16336
498,499,17.369137008935358,0.3730753,-0.16751288,0.13834599,229.03448,-6.5343475,215.45953,4.301132
414,1231,25.143605852392636,0.37283683,0.27815467,0.22802438,141.17639,-217.7492,116.26831,-214.31578
297,325,49.37749571510789,0.3725624,0.6519581,0.17988908,-22.987396,-152.21664,13.381348,-185.61502
354,1092,15.493196661626625,0.3722813,0.25634152,0.16197841,8.925446,375.77673,16.586243,362.31006
833,1131,17.541881201501873,0.3721724,0.2549693,0.14402075,42.36792,358.35785,57.739685,349.90643
833,1092,26.082845729281573,0.37213215,0.41152918,0.08698362,42.36792,358.35785,16.586243,362.31006
533,1021,44.82029959576398,0.37210086,0.48099265,0.11587435,269.9652,67.985016,309.15442,89.73508
119,1305,28.76617540562308,0.37193596,-0.15294608,0.03418195,-260.1408,-90.31697,-287.7246,-98.47949
582,1252,18.52329876412658,0.37166563,0.5690005,0.32227865,355.82367,-221.74525,358.39758,-203.40166
115,1078,17.421908487434234,0.37143397,0.710753,0.3140337,-266.26593,-132.76656,-283.22235,-128.76622
735,1107,41.541824205351226,0.37137806,0.5291309,0.2432059,495.6278,29.683167,519.6105,-4.236664
331,332,31.476913077856633,0.37136754,0.68238825,0.030356824,32.399536,-140.14845,5.386505,-123.990105
299,841,46.22711218389166,0.37131184,-0.10898368,0.23216732,-2.4075928,-113.39967,43.81952,-113.4055
297,949,49.59180048148582,0.3709148,0.5210984,0.10721414,-22.987396,-152.21664,-50.907104,-111.230835
729,905,39.755977483523345,0.37074605,-0.06655045,0.18251511,521.40283,-102.57057,524.86975,-142.1751
664,1241,33.40507777199444,0.37057543,0.53309876,0.19452944,422.61658,-38.38086,452.9226,-24.329391
1224,1244,43.92179273168811,0.37052578,0.4772775,0.2672328,600.7328,289.95398,583.20276,249.68213
612,645,39.61640004158893,0.37045637,0.32036653,0.22141472,345.99542,223.89545,369.19,191.77893
613,647,49.22994733857569,0.37024665,0.6782166,0.023273826,334.68933,228.35913,360.37207,186.35931
511,1215,39.48542226094863,0.36959806,-0.20327643,0.05605698,223.55524,326.11786,260.27197,340.643
681,864,16.658340460866345,0.36931717,0.09159353,0.12937342,461.00824,-193.78276,477.65192,-194.48157
511,882,42.890778674786674,0.36930147,0.33560175,0.04157638,223.55524,326.11786,195.68066,293.5199
521,1037,34.24489094433488,0.36929026,0.2825139,0.05052461,246.48523,-126.28032,279.1598,-116.02919
96,1063,46.35315291347763,0.3691305,-0.12570332,0.06357999,-302.891,140.60529,-274.9494,177.59018
755,1260,40.1217344922035,0.36889696,0.70966345,0.38401672,563.8884,-217.73842,523.95044,-213.90297
824,987,20.59233578882475,0.36886823,-0.0329202,0.19260296,594.72974,168.1903,588.26025,187.73999
523,939,44.76895404192059,0.36872724,-0.30342025,0.15729071,254.40149,-86.95459,217.97333,-112.978584
387,1109,42.09723867162831,0.36871043,0.53942597,0.112323605,91.17731,-124.69269,131.13824,-111.45256
1029,1061,32.425242283750315,0.36856067,0.19941579,0.16465269,-121.11621,232.01205,-115.58194,263.96152
997,1160,40.57724986140912,0.36836612,0.5529721,0.2188588,-196.87436,269.30255,-160.87689,288.02942
290,904,30.43338513105444,0.36791506,0.4055682,0.11075056,-62.18396,242.35928,-82.64874,219.8341
848,914,37.51937645152198,0.36785856,0.6784081,0.2789032,-354.6488,7.8417206,-317.62585,1.7585602
607,1291,39.926029663950175,0.3678037,0.20630638,0.20896849,330.11176,100.3978,356.4369,130.41571
695,947,42.3453465506496,0.36772278,0.46275654,0.13466124,439.2041,9.269226,425.21027,49.235474
307,1162,45.271465844537275,0.36771405,0.47649753,0.07320904,-1.7929688,69.05145,38.69409,48.7955
673,675,12.915692410591953,0.36752188,0.12890363,0.21133669,420.86615,136.76526,410.35883,129.25452
1097,1309,33.85093501903147,0.36741167,0.36397573,0.18322435,-306.63272,97.280396,-329.38733,122.34259
653,897,27.863407638567452,0.36732,0.19603896,0.13997887,385.85272,317.75507,367.17273,297.08075
414,956,24.49164175365906,0.36722958,-0.19704945,0.1914339,141.17639,-217.7492,118.5567,-227.14017
690,727,35.02163580083945,0.36700282,0.4881801,0.45039353,452.2074,-113.65227,485.02228,-125.887405
292,805,25.158798325194375,0.36700112,-0.1455298,0.34855312,-79.50577,271.65704,-82.02927,246.62512
547,582,47.28468812612944,0.36688098,0.522124,0.34682268,309.8247,-210.79367,355.82367,-221.74525
575,1076,29.918649521028037,0.3665153,0.5922154,0.14519931,306.088,272.03833,332.656,285.79578
422,986,17.3634421355332,0.36650532,0.4028669,-0.027670648,142.45752,-82.63995,159.25928,-87.0206
295,1193,14.291277168407088,0.3664958,0.37229818,0.13403773,-38.59308,346.41718,-24.44403,348.4284
666,929,18.80916700465647,0.36642855,0.64069426,0.3289143,404.5932,-15.605164,400.92517,-34.053207
882,965,14.786044625108177,0.36640692,0.6053043,0.024137273,195.68066,293.5199,197.6803,308.1701
671,913,21.60847267520941,0.36619702,0.5487275,0.15726528,424.87274,111.15872,440.5598,126.01947
186,995,33.77129906484714,0.36599156,0.5488967,0.2933872,-188.44116,65.69214,-163.66003,42.74881
582,619,39.48201619374332,0.36589065,-0.21309268,0.33685425,355.82367,-221.74525,389.885,-201.77892
14,17,30.46427540622923,0.36580864,0.656202,0.4674074,-431.41815,-168.54976,-406.3155,-151.28915
715,717,12.091813945350003,0.3658027,0.5018006,0.23081514,441.7588,277.55103,436.66296,266.58542
1111,1291,47.07098023558306,0.36542904,-0.30023956,0.20479293,379.75488,171.30518,356.4369,130.41571
325,327,33.07893534161546,0.3652094,0.3926922,0.17115784,13.381348,-185.61502,18.774902,-152.97876
445,474,32.059511407290096,0.3647985,-0.11990159,0.25022078,160.7063,172.38928,186.93207,153.94962
62,64,39.33460254607019,0.3644253,0.38159946,0.16135786,-316.6571,39.79312,-327.12823,77.708374
406,940,36.426322652625885,0.3636623,0.44729868,0.09196196,110.16107,238.99734,128.35986,207.44293
645,854,48.36187128483425,0.36354086,0.19795159,0.21685217,369.19,191.77893,324.19568,174.04813
131,1303,42.90940910214346,0.36331856,0.59067935,0.20325018,-258.11798,85.43207,-238.00717,47.527283
1027,1124,46.29722873364802,0.36320874,-0.2563457,-0.12704699,-266.12183,170.24225,-264.14355,216.4972
154,157,26.315367842044285,0.36307606,0.3947447,0.2926954,-232.69397,10.96727,-242.39244,-13.495728
719,1250,35.32155420964835,0.36300677,0.3109714,0.34451926,453.7976,265.42966,430.61267,238.7825
845,1267,26.4813988119649,0.36226055,0.03472518,0.21463509,233.50354,212.5119,242.62927,187.65259
853,996,17.911039031662867,0.3620568,-0.081838645,0.19762142,472.443,355.9583,466.88928,372.98657
618,619,19.065561729951465,0.36189783,0.33200926,0.10926932,371.25098,-197.7455,389.885,-201.77892
649,809,38.350949061817154,0.36159465,0.44111758,-0.021504255,375.90454,222.16336,405.50757,246.54483
633,668,34.48233599078152,0.36142138,0.3459238,0.1735386,380.6167,24.1138,403.78625,49.65207
759,1030,39.33096465398534,0.3612258,-0.18273151,0.14037271,549.67896,-181.72203,571.4376,-148.95795
1093,1291,38.74397191706446,0.3611614,-0.33730635,0.1321818,358.5749,169.10065,356.4369,130.41571
352,379,44.651985971652486,0.3611406,0.5995048,0.23265673,12.120056,311.11548,55.3703,300.0152
427,429,34.202827539888794,0.36077866,0.21755025,0.2118689,153.56543,-61.18158,123.01135,-45.81012
466,467,12.54954084862312,0.36041138,-0.22096209,0.1150726,188.1153,22.015808,175.97913,18.82138
1077,1244,15.011739816310891,0.3602292,0.5457611,0.17578486,593.4949,238.75397,583.20276,249.68213
504,534,15.075059348367601,0.36013025,0.4489987,0.26103696,225.27557,118.08423,239.53864,113.2034
695,696,32.10413961615801,0.35992125,0.31684035,0.40377048,439.2041,9.269226,457.17224,35.874146
645,1093,25.039671731654764,0.35971996,0.2580208,0.17045344,369.19,191.77893,358.5749,169.10065
256,1082,41.021093388927554,0.35965097,0.05633318,0.026553618,-107.089386,142.27328,-81.03198,110.5914
717,1081,36.50303343087367,0.35960233,-0.16702366,0.22034907,436.66296,266.58542,401.23712,257.78308
465,875,45.76035400380369,0.3595472,-0.09428743,0.21102604,193.01361,32.28955,233.59467,53.43637
919,1178,28.012668600230906,0.359087,0.4427074,0.23331723,124.3089,332.65863,113.05176,358.30988
548,1292,31.714390344045263,0.35884523,0.22609857,0.21418281,319.0453,-188.0144,291.14392,-203.09142
144,988,16.89623828363295,0.35870457,-0.15936567,0.22600584,-219.94006,-220.84842,-235.04387,-228.42192
975,1126,20.09623507288654,0.3586655,-0.0145238945,0.08751123,0.39520264,33.446655,-11.741791,49.463898
723,724,28.067606609087253,0.3584323,0.5339342,0.26190308,494.49573,-209.92989,521.1029,-200.99408
19,20,39.51053867181838,0.35793695,0.63658804,0.42478025,-414.56396,-98.073456,-439.1261,-67.12537
299,334,37.295329501093704,0.35790706,0.030432906,0.20647256,-2.4075928,-113.39967,32.223083,-99.55562
959,964,13.230874274852697,0.3577102,0.1363963,0.047539894,574.56934,35.326477,583.56335,25.62268
101,912,11.69869827647564,0.35766765,-0.017096357,0.2356682,-290.68195,262.63196,-283.98975,253.03644
568,571,10.773929713551253,0.35762334,0.108605154,0.14429457,293.84192,204.3808,301.8482,211.5903
555,827,38.50885424675125,0.35753417,0.28265488,0.199987,281.7608,-31.615936,320.16748,-28.812546
836,847,47.47300797317023,0.35752517,-0.046294447,0.16701612,576.89197,171.1654,599.1372,129.22693
547,583,42.76901795383194,0.35734123,-0.22578523,0.22498661,309.8247,-210.79367,337.15057,-177.89252
465,981,31.17338125928118,0.35729355,-0.38460195,0.025333788,193.01361,32.28955,196.68225,63.246307
